date,strike,maturity,true_price,computed_price,abs_error
01-Jan-2025,1220,0.156164,49.5,54.6452,5.14522
01-Jan-2025,1210,0.156164,55.1,60.3501,5.25013
01-Jan-2025,1040,0.156164,252.6,197.821,54.7795
01-Jan-2025,1020,0.156164,271.3,216.885,54.4147
01-Jan-2025,1200,0.156164,60.85,66.3981,5.5481
01-Jan-2025,1330,0.156164,19.5,14.1776,5.32241
01-Jan-2025,1280,0.232877,46.15,39.968,6.18201
01-Jan-2025,1520,0.156164,1.65,0.552689,1.09731
01-Jan-2025,1160,0.156164,95.8,93.8093,1.99065
01-Jan-2025,1280,0.156164,23.35,27.7468,4.39676
01-Jan-2025,1400,0.156164,4.8,4.78278,0.0172196
01-Jan-2025,1260,0.156164,29.55,35.3312,5.78119
01-Jan-2025,1120,0.156164,170,125.631,44.3691
01-Jan-2025,1110,0.156164,131.75,134.138,2.3881
01-Jan-2025,1360,0.156164,7.4,9.07308,1.67308
01-Jan-2025,1080,0.156164,216.25,160.681,55.5694
01-Jan-2025,1060,0.156164,234.25,179.052,55.1981
01-Jan-2025,1340,0.156164,10,12.2598,2.25979
01-Jan-2025,1190,0.156164,67.5,72.7804,5.28038
01-Jan-2025,1060,0.0794521,292.85,169.813,123.037
01-Jan-2025,1020,0.0794521,331.15,208.975,122.175
01-Jan-2025,1000,0.0794521,230,228.725,1.27486
01-Jan-2025,1080,0.0794521,274,150.566,123.434
01-Jan-2025,1460,0.0794521,0.5,0.196574,0.303426
01-Jan-2025,1090,0.0794521,198.1,141.08,57.0202
01-Jan-2025,1270,0.0794521,10.45,18.0841,7.63413
01-Jan-2025,1250,0.0794521,16.75,25.2251,8.47508
01-Jan-2025,1260,0.0794521,13.25,21.4378,8.18778
01-Jan-2025,1430,0.0794521,0.65,0.461206,0.188794
01-Jan-2025,1240,0.0794521,21.15,29.4632,8.31324
01-Jan-2025,1230,0.0794521,26.05,34.1635,8.11348
01-Jan-2025,1440,0.0794521,0.5,0.348668,0.151332
01-Jan-2025,1420,0.0794521,0.65,0.607115,0.0428848
01-Jan-2025,1410,0.0794521,0.7,0.795136,0.0951364
01-Jan-2025,1220,0.0794521,31.5,39.3306,7.83056
01-Jan-2025,1400,0.0794521,0.8,1.03587,0.235871
01-Jan-2025,1210,0.0794521,37.45,44.9625,7.51249
01-Jan-2025,1200,0.0794521,44.4,51.0506,6.65064
01-Jan-2025,1390,0.0794521,0.85,1.34203,0.492031
01-Jan-2025,1380,0.0794521,1.05,1.72867,0.678673
01-Jan-2025,1190,0.0794521,51.55,57.5801,6.03007
01-Jan-2025,1370,0.0794521,1.1,2.2134,1.1134
01-Jan-2025,1360,0.0794521,1.3,2.81648,1.51648
01-Jan-2025,1180,0.0794521,59.3,64.5302,5.23019
01-Jan-2025,1170,0.0794521,67.55,71.8756,4.32561
01-Jan-2025,1350,0.0794521,1.65,3.56094,1.91094
01-Jan-2025,1150,0.0794521,84.95,87.633,2.68305
01-Jan-2025,1160,0.0794521,76.55,79.5872,3.03717
01-Jan-2025,1340,0.0794521,1.9,4.47246,2.57246
01-Jan-2025,1330,0.0794521,2.4,5.57921,3.17921
01-Jan-2025,1140,0.0794521,92,95.9799,3.9799
01-Jan-2025,1130,0.0794521,162.5,104.594,57.9061
01-Jan-2025,1320,0.0794521,3.1,6.9115,3.8115
01-Jan-2025,1120,0.0794521,237.15,113.442,123.708
01-Jan-2025,1110,0.0794521,120.15,122.492,2.34165
01-Jan-2025,1300,0.0794521,5.25,10.3811,5.13109
01-Jan-2025,1310,0.0794521,4,8.50119,4.50119
01-Jan-2025,1100,0.0794521,131.5,131.713,0.213469
01-Jan-2025,1500,0.0794521,0.3,0.0595285,0.240472
01-Jan-2025,1480,0.0794521,0.45,0.108989,0.341011
01-Jan-2025,1520,0.0794521,0.3,0.0320807,0.267919
01-Jan-2025,1290,0.0794521,6.5,12.584,6.08399
01-Jan-2025,1280,0.0794521,8.3,15.1417,6.84174
01-Jan-2025,1260,0.232877,53.95,48.3734,5.57656
01-Jan-2025,1140,0.232877,121.3,122.527,1.22676
01-Jan-2025,1120,0.232877,135.8,138.34,2.5397
01-Jan-2025,1360,0.232877,23.2,16.8581,6.3419
01-Jan-2025,1240,0.232877,62.75,57.938,4.81195
01-Jan-2025,1220,0.232877,72.5,68.6712,3.82879
01-Jan-2025,1100,0.232877,151.15,154.893,3.74273
01-Jan-2025,1340,0.232877,23,21.218,1.78196
01-Jan-2025,1080,0.232877,167.25,172.079,4.82894
01-Jan-2025,1320,0.232877,33.05,26.4618,6.58819
01-Jan-2025,1200,0.232877,76,80.5539,4.55386
01-Jan-2025,1440,0.232877,7.6,6.20146,1.39854
01-Jan-2025,1300,0.232877,31,32.6847,1.68466
01-Jan-2025,1040,0.232877,201.4,207.947,6.54717
01-Jan-2025,1180,0.232877,94.95,93.54,1.41001
01-Jan-2025,1000,0.232877,237.65,245.226,7.5761
01-Jan-2025,1400,0.232877,10.8,10.3765,0.423476
01-Jan-2025,1160,0.232877,107.6,107.56,0.039813
01-Jan-2025,1320,0.156164,13.1,16.3369,3.23686
01-Jan-2025,1180,0.156164,117,79.4857,37.5143
01-Jan-2025,1310,0.156164,24.25,18.7561,5.49386
01-Jan-2025,1170,0.156164,87.65,86.5005,1.14951
01-Jan-2025,1480,0.156164,2.45,1.17155,1.27845
01-Jan-2025,1300,0.156164,17.6,21.4533,3.8533
01-Jan-2025,1440,0.156164,3,2.41113,0.588867
01-Jan-2025,1290,0.156164,30,24.4451,5.55492
01-Jan-2025,1150,0.156164,101.35,101.395,0.0452942
01-Jan-2025,1140,0.156164,165.4,109.24,56.1598
01-Jan-2025,1420,0.156164,24.9,3.41319,21.4868
01-Jan-2025,1270,0.156164,25.6,31.3717,5.77173
01-Jan-2025,1130,0.156164,116.05,117.325,1.27516
01-Jan-2025,1250,0.156164,34.25,39.6338,5.38382
01-Jan-2025,1240,0.156164,38.5,44.2855,5.78554
01-Jan-2025,1100,0.156164,135,142.828,7.82767
01-Jan-2025,1380,0.156164,34.8,6.62755,28.1725
01-Jan-2025,1230,0.156164,45.5,49.2893,3.78935
01-Jan-2025,1090,0.156164,148.3,151.681,3.3811
02-Jan-2025,1380,0.153425,34.8,4.58867,30.2113
02-Jan-2025,1230,0.153425,52.8,52.7375,0.0625019
02-Jan-2025,1080,0.153425,216.25,178.063,38.1869
02-Jan-2025,1210,0.153425,66.2,65.9353,0.264741
02-Jan-2025,1040,0.153425,252.6,216.758,35.8419
02-Jan-2025,1020,0.153425,238.5,236.304,2.19564
02-Jan-2025,1200,0.153425,73.5,73.1008,0.399163
02-Jan-2025,1330,0.153425,19.5,11.9489,7.55109
02-Jan-2025,1320,0.153425,16.65,14.2456,2.40435
02-Jan-2025,1400,0.153425,5.95,3.03241,2.91759
02-Jan-2025,1260,0.153425,37.25,36.0594,1.19058
02-Jan-2025,1120,0.153425,170,140.43,29.5702
02-Jan-2025,1360,0.153425,9.25,6.82759,2.42241
02-Jan-2025,1220,0.153425,59.3,59.1398,0.160239
02-Jan-2025,1060,0.153425,234.25,197.324,36.9258
02-Jan-2025,1340,0.153425,12.45,9.96713,2.48287
02-Jan-2025,1190,0.153425,67.9,80.6105,12.7105
02-Jan-2025,1060,0.0767123,292.85,189.512,103.338
02-Jan-2025,1020,0.0767123,331.15,229.157,101.993
02-Jan-2025,1090,0.0767123,198.1,159.916,38.1836
02-Jan-2025,1080,0.0767123,274,169.757,104.243
02-Jan-2025,1270,0.0767123,15.7,18.2636,2.56363
02-Jan-2025,1480,0.0767123,0.4,0.022521,0.377479
02-Jan-2025,1460,0.0767123,0.55,0.04904,0.50096
02-Jan-2025,1260,0.0767123,19.55,22.3915,2.8415
02-Jan-2025,1250,0.0767123,24.2,27.1133,2.9133
02-Jan-2025,1440,0.0767123,0.6,0.104805,0.495195
02-Jan-2025,1430,0.0767123,0.65,0.151986,0.498014
02-Jan-2025,1240,0.0767123,29.65,32.4339,2.78385
02-Jan-2025,1230,0.0767123,35.7,38.3435,2.64346
02-Jan-2025,1420,0.0767123,0.75,0.2191,0.5309
02-Jan-2025,1410,0.0767123,0.95,0.313826,0.636174
02-Jan-2025,1220,0.0767123,42.4,44.8188,2.41881
02-Jan-2025,1400,0.0767123,1,0.446404,0.553596
02-Jan-2025,1210,0.0767123,49.9,51.8249,1.92486
02-Jan-2025,1200,0.0767123,57.6,59.3174,1.71744
02-Jan-2025,1390,0.0767123,1.2,0.63028,0.56972
02-Jan-2025,1380,0.0767123,1.4,0.88282,0.51718
02-Jan-2025,1190,0.0767123,65.95,67.2463,1.29627
02-Jan-2025,1370,0.0767123,1.55,1.22604,0.323963
02-Jan-2025,1360,0.0767123,1.9,1.68727,0.212727
02-Jan-2025,1180,0.0767123,74.25,75.5579,1.30791
02-Jan-2025,1170,0.0767123,82.5,84.1986,1.69858
02-Jan-2025,1350,0.0767123,2.35,2.29971,0.0502864
02-Jan-2025,1160,0.0767123,91.55,93.1164,1.56644
02-Jan-2025,1150,0.0767123,100.75,102.263,1.51335
02-Jan-2025,1340,0.0767123,2.9,3.10263,0.202633
02-Jan-2025,1330,0.0767123,3.75,4.1412,0.391195
02-Jan-2025,1140,0.0767123,108.7,111.596,2.89605
02-Jan-2025,1130,0.0767123,162.5,121.077,41.4232
02-Jan-2025,1320,0.0767123,4.9,5.46571,0.565705
02-Jan-2025,1120,0.0767123,237.15,130.673,106.477
02-Jan-2025,1310,0.0767123,6.2,7.13018,0.930178
02-Jan-2025,1300,0.0767123,7.95,9.19022,1.24022
02-Jan-2025,1100,0.0767123,148.05,150.113,2.06262
02-Jan-2025,1520,0.0767123,0.3,0.00454149,0.295459
02-Jan-2025,1500,0.0767123,0.35,0.0101804,0.33982
02-Jan-2025,1290,0.0767123,10,11.7003,1.7003
02-Jan-2025,1280,0.0767123,12.5,14.7106,2.21057
02-Jan-2025,1260,0.230137,53.95,49.5392,4.41079
02-Jan-2025,1140,0.230137,121.3,134.42,13.1199
02-Jan-2025,1360,0.230137,23.2,14.2628,8.93715
02-Jan-2025,1240,0.230137,62.75,60.6753,2.07466
02-Jan-2025,1220,0.230137,72.5,73.1696,0.669591
02-Jan-2025,1340,0.230137,23,18.8349,4.16506
02-Jan-2025,1320,0.230137,33.05,24.5349,8.51508
02-Jan-2025,1200,0.230137,89.5,86.9269,2.57312
02-Jan-2025,1440,0.230137,10.6,4.19369,6.40631
02-Jan-2025,1300,0.230137,37.35,31.4948,5.85517
02-Jan-2025,1180,0.230137,94.95,101.82,6.86974
02-Jan-2025,1400,0.230137,12.75,7.88816,4.86184
02-Jan-2025,1280,0.230137,46.15,39.8123,6.33766
02-Jan-2025,1160,0.230137,107.6,117.702,10.1016
02-Jan-2025,1520,0.153425,2,0.198161,1.80184
02-Jan-2025,1480,0.153425,2.4,0.509308,1.89069
02-Jan-2025,1160,0.153425,95.8,104.92,9.11978
02-Jan-2025,1180,0.153425,117,88.4362,28.5638
02-Jan-2025,1310,0.153425,24.25,16.8864,7.3636
02-Jan-2025,1170,0.153425,87.65,96.549,8.89899
02-Jan-2025,1300,0.153425,22.5,19.8981,2.60195
02-Jan-2025,1290,0.153425,25,23.3043,1.6957
02-Jan-2025,1440,0.153425,3.35,1.26986,2.08014
02-Jan-2025,1280,0.153425,28.95,27.1246,1.82539
02-Jan-2025,1420,0.153425,4.5,1.97475,2.52525
02-Jan-2025,1140,0.153425,165.4,122.322,43.0781
02-Jan-2025,1270,0.153425,30,31.3734,1.3734
02-Jan-2025,1250,0.153425,42.15,41.1854,0.964647
02-Jan-2025,1240,0.153425,47.85,46.7478,1.10219
03-Jan-2025,1240,0.150685,51.9,59.112,7.21202
03-Jan-2025,1230,0.150685,57.6,65.2033,7.60332
03-Jan-2025,1080,0.150685,216.25,188.109,28.1414
03-Jan-2025,1360,0.150685,10.25,13.1798,2.92976
03-Jan-2025,1220,0.150685,64.35,71.6369,7.28686
03-Jan-2025,1060,0.150685,234.25,207.11,27.1404
03-Jan-2025,1210,0.150685,74.4,78.4001,4.00011
03-Jan-2025,1040,0.150685,252.6,226.348,26.2524
03-Jan-2025,1340,0.150685,13.65,17.6359,3.98592
03-Jan-2025,1200,0.150685,78.6,85.4782,6.87815
03-Jan-2025,1330,0.150685,16.2,20.2797,4.07974
03-Jan-2025,1060,0.0739726,292.85,198.804,94.0456
03-Jan-2025,1020,0.0739726,331.15,238.357,92.7927
03-Jan-2025,1090,0.0739726,198.1,169.393,28.7068
03-Jan-2025,1080,0.0739726,274,179.157,94.8429
03-Jan-2025,1270,0.0739726,18.2,27.8604,9.66038
03-Jan-2025,1480,0.0739726,0.45,0.180104,0.269896
03-Jan-2025,1460,0.0739726,0.45,0.32962,0.12038
03-Jan-2025,1260,0.0739726,22.5,32.5471,10.0471
03-Jan-2025,1250,0.0739726,27.65,37.7221,10.0721
03-Jan-2025,1440,0.0739726,0.6,0.590928,0.00907212
03-Jan-2025,1430,0.0739726,0.65,0.784592,0.134592
03-Jan-2025,1240,0.0739726,33.45,43.3828,9.9328
03-Jan-2025,1230,0.0739726,40,49.519,9.51896
03-Jan-2025,1420,0.0739726,0.8,1.03553,0.235532
03-Jan-2025,1410,0.0739726,0.9,1.35824,0.458245
03-Jan-2025,1220,0.0739726,47,56.1133,9.1133
03-Jan-2025,1400,0.0739726,1.05,1.77,0.719995
03-Jan-2025,1210,0.0739726,54.55,63.1422,8.59224
03-Jan-2025,1200,0.0739726,63,70.577,7.57701
03-Jan-2025,1390,0.0739726,1.25,2.29104,1.04104
03-Jan-2025,1380,0.0739726,1.45,2.94479,1.49479
03-Jan-2025,1190,0.0739726,71.7,78.3849,6.68489
03-Jan-2025,1180,0.0739726,79.85,86.5306,6.68058
03-Jan-2025,1370,0.0739726,1.75,3.75778,2.00778
03-Jan-2025,1360,0.0739726,2.2,4.75956,2.55956
03-Jan-2025,1170,0.0739726,89.6,94.9775,5.37749
03-Jan-2025,1350,0.0739726,2.75,5.9824,3.2324
03-Jan-2025,1160,0.0739726,98.2,103.689,5.48897
03-Jan-2025,1150,0.0739726,108.7,112.629,3.92945
03-Jan-2025,1340,0.0739726,3.4,7.46067,4.06067
03-Jan-2025,1330,0.0739726,4.3,9.23014,4.93014
03-Jan-2025,1130,0.0739726,162.5,131.065,31.4348
03-Jan-2025,1320,0.0739726,5.55,11.327,5.77697
03-Jan-2025,1310,0.0739726,7.15,13.7865,6.63654
03-Jan-2025,1120,0.0739726,237.15,140.501,96.6488
03-Jan-2025,1300,0.0739726,9.25,16.6422,7.3922
03-Jan-2025,1520,0.0739726,0.35,0.0509526,0.299047
03-Jan-2025,1500,0.0739726,0.35,0.0965958,0.253404
03-Jan-2025,1290,0.0739726,11.6,19.9239,8.32388
03-Jan-2025,1280,0.0739726,14.6,23.6568,9.05682
03-Jan-2025,1350,0.150685,11.9,15.2757,3.37566
03-Jan-2025,1260,0.227397,50,62.2166,12.2166
03-Jan-2025,1360,0.227397,23.2,22.8022,0.397824
03-Jan-2025,1240,0.227397,62.75,73.5997,10.8497
03-Jan-2025,1220,0.227397,72.5,86.1319,13.6319
03-Jan-2025,1340,0.227397,23,28.4715,5.47152
03-Jan-2025,1320,0.227397,33.05,35.1844,2.13442
03-Jan-2025,1200,0.227397,94.8,99.7491,4.9491
03-Jan-2025,1440,0.227397,9.9,8.55159,1.34841
03-Jan-2025,1300,0.227397,37.1,43.0166,5.91664
03-Jan-2025,1180,0.227397,94.95,114.366,19.416
03-Jan-2025,1400,0.227397,12.95,14.2071,1.25712
03-Jan-2025,1280,0.227397,46.15,52.0197,5.86969
03-Jan-2025,1520,0.150685,2,0.807955,1.19205
03-Jan-2025,1320,0.150685,18.3,23.2252,4.92522
03-Jan-2025,1180,0.150685,117,100.51,16.4903
03-Jan-2025,1480,0.150685,2.5,1.72799,0.772012
03-Jan-2025,1310,0.150685,20.9,26.4888,5.58882
03-Jan-2025,1300,0.150685,24.25,30.085,5.835
03-Jan-2025,1440,0.150685,4.1,3.56578,0.53422
03-Jan-2025,1290,0.150685,27.45,34.0258,6.57576
03-Jan-2025,1280,0.150685,31.7,38.3204,6.62036
03-Jan-2025,1420,0.150685,4.5,5.04064,0.540636
03-Jan-2025,1140,0.150685,165.4,133.53,31.8699
03-Jan-2025,1270,0.150685,35.1,42.975,7.87498
03-Jan-2025,1400,0.150685,6.4,7.03931,0.639309
03-Jan-2025,1260,0.150685,40.65,47.9926,7.34259
03-Jan-2025,1120,0.150685,170,151.198,18.8024
03-Jan-2025,1250,0.150685,45.9,53.3728,7.47282
03-Jan-2025,1380,0.150685,8.5,9.70105,1.20105
06-Jan-2025,1380,0.219178,19.2,13.9748,5.22523
06-Jan-2025,1260,0.219178,41.25,49.9614,8.71139
06-Jan-2025,1140,0.219178,121.3,122.485,1.18521
06-Jan-2025,1120,0.219178,135.8,137.786,1.98626
06-Jan-2025,1360,0.219178,23.2,17.7478,5.45217
06-Jan-2025,1240,0.219178,62.75,59.4815,3.26845
06-Jan-2025,1220,0.219178,72.5,70.0754,2.42459
06-Jan-2025,1100,0.219178,151.15,153.809,2.659
06-Jan-2025,1340,0.219178,23,22.3072,0.69277
06-Jan-2025,1080,0.219178,167.25,170.468,3.21797
06-Jan-2025,1320,0.219178,33.05,27.74,5.30999
06-Jan-2025,1200,0.219178,76,81.7213,5.72132
06-Jan-2025,1440,0.219178,12.2,6.44143,5.75857
06-Jan-2025,1300,0.219178,27.8,34.1224,6.32241
06-Jan-2025,1040,0.219178,201.4,205.362,3.96205
06-Jan-2025,1180,0.219178,94.95,94.3785,0.571545
06-Jan-2025,1000,0.219178,237.65,241.852,4.20208
06-Jan-2025,1400,0.219178,9.45,10.8951,1.44506
06-Jan-2025,1280,0.219178,46.15,41.5154,4.63456
06-Jan-2025,1160,0.219178,107.6,107.99,0.389695
06-Jan-2025,1320,0.142466,11.95,15.7219,3.77193
06-Jan-2025,1180,0.142466,117,78.182,38.818
06-Jan-2025,1480,0.142466,2.05,0.9092,1.1408
06-Jan-2025,1310,0.142466,17.25,18.1414,0.891421
06-Jan-2025,1170,0.142466,87.65,85.0502,2.59982
06-Jan-2025,1460,0.142466,2.55,1.36483,1.18517
06-Jan-2025,1300,0.142466,15.95,20.8386,4.88855
06-Jan-2025,1440,0.142466,2.6,2.02402,0.575979
06-Jan-2025,1290,0.142466,18.1,23.8283,5.72827
06-Jan-2025,1160,0.142466,95.8,92.2011,3.5989
06-Jan-2025,1280,0.142466,21.05,27.1238,6.07382
06-Jan-2025,1150,0.142466,101.35,99.6199,1.73015
06-Jan-2025,1420,0.142466,3.65,2.96198,0.688023
06-Jan-2025,1140,0.142466,165.4,107.291,58.1093
06-Jan-2025,1270,0.142466,23.8,30.7365,6.93648
06-Jan-2025,1130,0.142466,116.05,115.197,0.852909
06-Jan-2025,1400,0.142466,4.65,4.27266,0.377344
06-Jan-2025,1260,0.142466,28.35,34.6753,6.32526
06-Jan-2025,1120,0.142466,170,123.322,46.6776
06-Jan-2025,1250,0.142466,31.95,38.9468,6.99679
06-Jan-2025,1110,0.142466,131.75,131.65,0.100416
06-Jan-2025,1380,0.142466,5.7,6.06896,0.368962
06-Jan-2025,1240,0.142466,36.7,43.5551,6.85512
06-Jan-2025,1100,0.142466,135,140.162,5.162
06-Jan-2025,1230,0.142466,41,48.5017,7.50171
06-Jan-2025,1090,0.142466,148.3,148.843,0.543206
06-Jan-2025,1370,0.142466,12.1,7.18923,4.91077
06-Jan-2025,1360,0.142466,6.95,8.48066,1.53066
06-Jan-2025,1220,0.142466,46.85,53.7854,6.9354
06-Jan-2025,1080,0.142466,216.25,157.677,58.5727
06-Jan-2025,1060,0.142466,234.25,175.744,58.5061
06-Jan-2025,1350,0.142466,7.9,9.96132,2.06132
06-Jan-2025,1340,0.142466,8.95,11.6496,2.69957
06-Jan-2025,1210,0.142466,54.15,59.4025,5.25248
06-Jan-2025,1040,0.142466,252.6,194.25,58.3502
06-Jan-2025,1200,0.142466,58.85,65.3469,6.49686
06-Jan-2025,1020,0.142466,238.5,213.097,25.4025
06-Jan-2025,1520,0.142466,1.45,0.390781,1.05922
06-Jan-2025,1330,0.142466,16.2,13.5638,2.63624
06-Jan-2025,1190,0.142466,67.9,71.6101,3.71015
06-Jan-2025,1060,0.0657534,292.85,164.756,128.094
06-Jan-2025,1020,0.0657534,331.15,204.044,127.106
06-Jan-2025,1000,0.0657534,225,223.842,1.15791
06-Jan-2025,1090,0.0657534,198.1,135.889,62.2106
06-Jan-2025,1080,0.0657534,274,145.424,128.576
06-Jan-2025,1270,0.0657534,9.55,13.9221,4.37205
06-Jan-2025,1260,0.0657534,12.05,16.991,4.94101
06-Jan-2025,1480,0.0657534,0.45,0.0189993,0.431001
06-Jan-2025,1460,0.0657534,0.5,0.042392,0.457608
06-Jan-2025,1250,0.0657534,15.05,20.5214,5.47143
06-Jan-2025,1440,0.0657534,0.55,0.0918101,0.45819
06-Jan-2025,1430,0.0657534,0.65,0.133493,0.516507
06-Jan-2025,1240,0.0657534,18.6,24.5348,5.93483
06-Jan-2025,1230,0.0657534,23.3,29.0453,5.74526
06-Jan-2025,1420,0.0657534,0.65,0.192455,0.457545
06-Jan-2025,1410,0.0657534,0.8,0.275017,0.524983
06-Jan-2025,1220,0.0657534,28.4,34.0587,5.65873
06-Jan-2025,1400,0.0657534,0.85,0.389403,0.460597
06-Jan-2025,1210,0.0657534,33.95,39.573,5.62299
06-Jan-2025,1200,0.0657534,40.95,45.5777,4.62774
06-Jan-2025,1390,0.0657534,1,0.546148,0.453852
06-Jan-2025,1380,0.0657534,1.1,0.758512,0.341488
06-Jan-2025,1190,0.0657534,48.05,52.0552,4.00522
06-Jan-2025,1180,0.0657534,55.7,58.9812,3.28115
06-Jan-2025,1370,0.0657534,1.2,1.04288,0.157122
06-Jan-2025,1360,0.0657534,1.35,1.4191,0.0690998
06-Jan-2025,1170,0.0657534,63.55,66.3259,2.77593
06-Jan-2025,1350,0.0657534,1.75,1.91075,0.160753
06-Jan-2025,1160,0.0657534,72,74.0559,2.05591
06-Jan-2025,1150,0.0657534,80.3,82.1348,1.83484
06-Jan-2025,1340,0.0657534,2.05,2.54523,0.495228
06-Jan-2025,1330,0.0657534,2.5,3.35363,0.853634
06-Jan-2025,1140,0.0657534,107.5,90.5252,16.9748
06-Jan-2025,1130,0.0657534,115.05,99.1895,15.8605
06-Jan-2025,1320,0.0657534,3.15,4.37044,1.22044
06-Jan-2025,1310,0.0657534,4,5.63288,1.63288
06-Jan-2025,1120,0.0657534,117.3,108.091,9.20879
06-Jan-2025,1110,0.0657534,114.05,117.196,3.14587
06-Jan-2025,1300,0.0657534,5.05,7.18,2.13
06-Jan-2025,1100,0.0657534,126.4,126.472,0.0715448
06-Jan-2025,1520,0.0657534,0.35,0.00352887,0.346471
06-Jan-2025,1500,0.0657534,0.3,0.00828825,0.291712
06-Jan-2025,1290,0.0657534,6.15,9.05156,2.90156
06-Jan-2025,1280,0.0657534,7.65,11.2866,3.63662
07-Jan-2025,1250,0.139726,40.3,46.0006,5.70064
07-Jan-2025,1380,0.139726,6.3,6.50955,0.209552
07-Jan-2025,1240,0.139726,45.7,51.462,5.76201
07-Jan-2025,1230,0.139726,50,57.2852,7.28517
07-Jan-2025,1370,0.139726,12.1,7.82077,4.27923
07-Jan-2025,1360,0.139726,8,9.34659,1.34659
07-Jan-2025,1080,0.139726,216.25,177.418,38.8316
07-Jan-2025,1060,0.139726,234.25,196.243,38.0069
07-Jan-2025,1350,0.139726,9.4,11.1098,1.70983
07-Jan-2025,1220,0.139726,57.4,63.4602,6.06025
07-Jan-2025,1210,0.139726,64,69.9747,5.97468
07-Jan-2025,1040,0.139726,252.6,215.346,37.2541
07-Jan-2025,1340,0.139726,10.9,13.1331,2.23311
07-Jan-2025,1200,0.139726,71.25,76.8136,5.56363
07-Jan-2025,1020,0.139726,238.5,234.652,3.84802
07-Jan-2025,1330,0.139726,13.05,15.4383,2.38831
07-Jan-2025,1190,0.139726,67.9,83.9604,16.0604
07-Jan-2025,1060,0.0630137,292.85,186.921,105.929
07-Jan-2025,1090,0.0630137,198.1,157.395,40.7055
07-Jan-2025,1080,0.0630137,274,167.201,106.799
07-Jan-2025,1270,0.0630137,14.2,18.3519,4.15191
07-Jan-2025,1460,0.0630137,0.5,0.030882,0.469118
07-Jan-2025,1260,0.0630137,17.85,22.4299,4.57992
07-Jan-2025,1250,0.0630137,22.2,27.0681,4.86812
07-Jan-2025,1440,0.0630137,0.6,0.0744522,0.525548
07-Jan-2025,1430,0.0630137,0.75,0.113907,0.636093
07-Jan-2025,1240,0.0630137,27.25,32.2701,5.02009
07-Jan-2025,1230,0.0630137,33.45,38.0278,4.57783
07-Jan-2025,1420,0.0630137,0.75,0.17244,0.57756
07-Jan-2025,1410,0.0630137,0.9,0.258168,0.641832
07-Jan-2025,1220,0.0630137,39.7,44.3224,4.62242
07-Jan-2025,1400,0.0630137,1,0.382047,0.617953
07-Jan-2025,1210,0.0630137,46.8,51.1255,4.32546
07-Jan-2025,1200,0.0630137,54.55,58.4008,3.85084
07-Jan-2025,1390,0.0630137,1.1,0.558547,0.541453
07-Jan-2025,1380,0.0630137,1.25,0.806348,0.443652
07-Jan-2025,1190,0.0630137,62.5,66.1069,3.60688
07-Jan-2025,1370,0.0630137,1.4,1.14898,0.251021
07-Jan-2025,1360,0.0630137,1.7,1.61531,0.0846851
07-Jan-2025,1180,0.0630137,70.6,74.1984,3.59844
07-Jan-2025,1170,0.0630137,79.2,82.6291,3.42905
07-Jan-2025,1350,0.0630137,2.15,2.23981,0.0898119
07-Jan-2025,1160,0.0630137,88.1,91.3527,3.2527
07-Jan-2025,1150,0.0630137,97.85,100.325,2.47539
07-Jan-2025,1340,0.0630137,2.55,3.06237,0.512373
07-Jan-2025,1330,0.0630137,3.15,4.12775,0.977748
07-Jan-2025,1140,0.0630137,107.5,109.506,2.00627
07-Jan-2025,1320,0.0630137,4.05,5.4844,1.4344
07-Jan-2025,1310,0.0630137,5.3,7.18286,1.88286
07-Jan-2025,1300,0.0630137,6.85,9.2736,2.4236
07-Jan-2025,1100,0.0630137,146,147.639,1.63898
07-Jan-2025,1520,0.0630137,0.35,0.00180676,0.348193
07-Jan-2025,1500,0.0630137,0.3,0.00479169,0.295208
07-Jan-2025,1480,0.0630137,0.45,0.0123589,0.437641
07-Jan-2025,1290,0.0630137,8.75,11.8046,3.0546
07-Jan-2025,1280,0.0630137,11.2,14.8188,3.61885
07-Jan-2025,1380,0.216438,19.2,15.0194,4.18056
07-Jan-2025,1260,0.216438,49.9,56.7487,6.84867
07-Jan-2025,1140,0.216438,121.3,137.68,16.3804
07-Jan-2025,1360,0.216438,23.2,19.3685,3.83152
07-Jan-2025,1240,0.216438,62.75,67.6638,4.91378
07-Jan-2025,1220,0.216438,72.5,79.7033,7.20335
07-Jan-2025,1340,0.216438,23,24.6585,1.65848
07-Jan-2025,1320,0.216438,33.05,30.9822,2.06775
07-Jan-2025,1200,0.216438,85.5,92.8078,7.30784
07-Jan-2025,1440,0.216438,14,6.52447,7.47553
07-Jan-2025,1300,0.216438,32.3,38.4121,6.11207
07-Jan-2025,1180,0.216438,94.95,106.9,11.9499
07-Jan-2025,1400,0.216438,10.4,11.5047,1.10465
07-Jan-2025,1280,0.216438,46.15,46.9947,0.844723
07-Jan-2025,1160,0.216438,107.6,121.89,14.2897
07-Jan-2025,1520,0.139726,1.55,0.316558,1.23344
07-Jan-2025,1320,0.139726,14.75,18.046,3.29602
07-Jan-2025,1180,0.139726,117,91.3967,25.6033
07-Jan-2025,1310,0.139726,17.2,20.975,3.77499
07-Jan-2025,1170,0.139726,87.65,99.1034,11.4534
07-Jan-2025,1480,0.139726,2.05,0.807086,1.24291
07-Jan-2025,1460,0.139726,2.5,1.2652,1.2348
07-Jan-2025,1300,0.139726,20.15,24.2416,4.09161
07-Jan-2025,1160,0.139726,95.8,107.061,11.2607
07-Jan-2025,1290,0.139726,23.45,27.8595,4.40947
07-Jan-2025,1440,0.139726,3.15,1.955,1.195
07-Jan-2025,1420,0.139726,3.75,2.97284,0.777158
07-Jan-2025,1280,0.139726,26.75,31.839,5.08903
07-Jan-2025,1140,0.139726,165.4,123.647,41.7531
07-Jan-2025,1270,0.139726,31.55,36.1873,4.63734
07-Jan-2025,1400,0.139726,5.1,4.44149,0.658511
07-Jan-2025,1260,0.139726,35.6,40.9079,5.3079
07-Jan-2025,1120,0.139726,170,140.998,29.0022
08-Jan-2025,1250,0.136986,54.45,58.497,4.04701
08-Jan-2025,1380,0.136986,9.1,8.89507,0.20493
08-Jan-2025,1240,0.136986,61.6,64.9112,3.31117
08-Jan-2025,1230,0.136986,69,71.668,2.66803
08-Jan-2025,1080,0.136986,216.25,200.517,15.7331
08-Jan-2025,1370,0.136986,12.1,10.6696,1.43042
08-Jan-2025,1360,0.136986,12.25,12.7201,0.47014
08-Jan-2025,1220,0.136986,75,78.7495,3.74949
08-Jan-2025,1060,0.136986,234.25,219.756,14.4944
08-Jan-2025,1350,0.136986,14.15,15.0709,0.920884
08-Jan-2025,1210,0.136986,77.05,86.1358,9.08576
08-Jan-2025,1040,0.136986,252.6,239.162,13.4375
08-Jan-2025,1340,0.136986,16.8,17.7443,0.944289
08-Jan-2025,1200,0.136986,89.65,93.8059,4.15591
08-Jan-2025,1330,0.136986,20.3,20.7605,0.460487
08-Jan-2025,1060,0.060274,210,211.265,1.26453
08-Jan-2025,1090,0.060274,198.1,181.518,16.5825
08-Jan-2025,1080,0.060274,274,191.421,82.579
08-Jan-2025,1270,0.060274,24.65,27.7243,3.07429
08-Jan-2025,1480,0.060274,0.55,0.0186221,0.531378
08-Jan-2025,1460,0.060274,0.6,0.0485246,0.551475
08-Jan-2025,1260,0.060274,29.75,33.2252,3.47523
08-Jan-2025,1250,0.060274,35.55,39.3064,3.75636
08-Jan-2025,1440,0.060274,0.8,0.121123,0.678877
08-Jan-2025,1430,0.060274,0.95,0.187986,0.762014
08-Jan-2025,1240,0.060274,42.15,45.939,3.78898
08-Jan-2025,1230,0.060274,49.35,53.0845,3.73447
08-Jan-2025,1420,0.060274,1.15,0.288057,0.861943
08-Jan-2025,1410,0.060274,1.35,0.43551,0.91449
08-Jan-2025,1220,0.060274,57.1,60.697,3.59699
08-Jan-2025,1400,0.060274,1.55,0.649244,0.900756
08-Jan-2025,1210,0.060274,64.7,68.7262,4.02619
08-Jan-2025,1200,0.060274,74.5,77.1199,2.6199
08-Jan-2025,1390,0.060274,1.75,0.95378,0.79622
08-Jan-2025,1380,0.060274,2.05,1.38002,0.669984
08-Jan-2025,1190,0.060274,83.05,85.8264,2.77645
08-Jan-2025,1180,0.060274,91,94.7966,3.79658
08-Jan-2025,1370,0.060274,2.45,1.96567,0.484332
08-Jan-2025,1360,0.060274,3.1,2.75524,0.344758
08-Jan-2025,1350,0.060274,3.85,3.79935,0.0506472
08-Jan-2025,1160,0.060274,113.8,113.351,0.449468
08-Jan-2025,1150,0.060274,120.1,122.858,2.75812
08-Jan-2025,1340,0.060274,4.8,5.15331,0.353306
08-Jan-2025,1330,0.060274,6.15,6.87492,0.724922
08-Jan-2025,1140,0.060274,135,132.477,2.52265
08-Jan-2025,1130,0.060274,141.95,142.183,0.233011
08-Jan-2025,1320,0.060274,7.9,9.02172,1.12172
08-Jan-2025,1310,0.060274,10.15,11.6477,1.49767
08-Jan-2025,1120,0.060274,155.85,151.955,3.89543
08-Jan-2025,1110,0.060274,166,161.776,4.2244
08-Jan-2025,1300,0.060274,13,14.7999,1.79993
08-Jan-2025,1520,0.060274,0.35,0.00246052,0.347539
08-Jan-2025,1500,0.060274,0.4,0.00688145,0.393119
08-Jan-2025,1290,0.060274,16.2,18.5158,2.31576
08-Jan-2025,1280,0.060274,19.95,22.8201,2.87013
08-Jan-2025,1340,0.213699,28.4,30.9213,2.52127
08-Jan-2025,1380,0.213699,19.2,19.0102,0.189845
08-Jan-2025,1260,0.213699,63,68.8324,5.83239
08-Jan-2025,1360,0.213699,23.2,24.4203,1.22028
08-Jan-2025,1240,0.213699,62.75,81.2625,18.5125
08-Jan-2025,1220,0.213699,72.5,94.7644,22.2644
08-Jan-2025,1200,0.213699,105.15,109.248,4.0976
08-Jan-2025,1320,0.213699,33.05,38.5863,5.53632
08-Jan-2025,1440,0.213699,11.75,8.2683,3.4817
08-Jan-2025,1300,0.213699,42.5,47.4583,4.95834
08-Jan-2025,1400,0.213699,14.75,14.5929,0.157069
08-Jan-2025,1280,0.213699,46.15,57.5476,11.3976
08-Jan-2025,1520,0.136986,1.8,0.409047,1.39095
08-Jan-2025,1320,0.136986,22.3,24.1367,1.83665
08-Jan-2025,1180,0.136986,117,109.911,7.08884
08-Jan-2025,1480,0.136986,2.25,1.07307,1.17693
08-Jan-2025,1310,0.136986,24.65,27.8865,3.2365
08-Jan-2025,1460,0.136986,3.6,1.701,1.899
08-Jan-2025,1300,0.136986,29.55,32.0199,2.46986
08-Jan-2025,1160,0.136986,123.35,126.892,3.54193
08-Jan-2025,1440,0.136986,4.1,2.65113,1.44887
08-Jan-2025,1290,0.136986,34,36.5425,2.5425
08-Jan-2025,1150,0.136986,135,135.658,0.658328
08-Jan-2025,1280,0.136986,38.2,41.456,3.25599
08-Jan-2025,1140,0.136986,165.4,144.583,20.8174
08-Jan-2025,1420,0.136986,5.35,4.05461,1.29539
08-Jan-2025,1270,0.136986,43.1,46.7578,3.6578
08-Jan-2025,1120,0.136986,170,162.833,7.16686
08-Jan-2025,1400,0.136986,7.25,6.07345,1.17655
08-Jan-2025,1260,0.136986,48.5,52.4415,3.94149
