1698019200000,217.80000000,218.60000000,216.90000000,218.20000000,19734.25600000,1698022799999,4298515.25620000,7316,11125.93800000,2423693.81340000,0
1698022800000,218.30000000,219.90000000,218.10000000,218.90000000,43378.29600000,1698026399999,9505224.11180000,12711,23545.76500000,5159363.26190000,0
1698026400000,218.90000000,220.60000000,218.80000000,220.20000000,35051.99200000,1698029999999,7705247.14730000,12666,22289.15100000,4899771.65140000,0
1698030000000,220.20000000,222.80000000,219.60000000,222.20000000,69389.59800000,1698033599999,15374606.94580000,19221,39759.00500000,8808891.65040000,0
1698033600000,222.20000000,222.70000000,221.30000000,221.70000000,27256.13500000,1698037199999,6045862.56990000,9327,12966.44700000,2876380.86070000,0
1698037200000,221.80000000,222.80000000,221.00000000,221.80000000,33569.05200000,1698040799999,7461920.54430000,9080,19305.14700000,4292020.00610000,0
1698040800000,221.90000000,222.70000000,220.10000000,220.20000000,25364.96100000,1698044399999,5619036.65650000,8744,9870.81200000,2187219.25110000,0
1698044400000,220.20000000,220.60000000,218.70000000,219.50000000,25417.88600000,1698047999999,5591197.65010000,9611,12566.88500000,2764801.48600000,0
1698048000000,219.50000000,220.90000000,219.00000000,220.60000000,16480.24500000,1698051599999,3624109.20460000,7051,9140.99100000,2010350.49140000,0
1698051600000,220.70000000,220.70000000,218.20000000,219.40000000,24998.09600000,1698055199999,5483193.21150000,10517,12613.53100000,2766136.42210000,0
1698055200000,219.40000000,220.20000000,219.20000000,219.50000000,12146.57300000,1698058799999,2669643.19280000,6046,6069.70200000,1333961.48630000,0
1698058800000,219.60000000,220.60000000,219.50000000,220.10000000,9301.19200000,1698062399999,2047094.41990000,4914,5390.55000000,1186407.08430000,0
1698062400000,220.10000000,220.60000000,219.70000000,219.90000000,11692.81400000,1698065999999,2573899.73660000,5942,5067.21200000,1115598.06740000,0
1698066000000,220.00000000,220.10000000,218.10000000,218.80000000,23049.26700000,1698069599999,5043694.71560000,9876,11295.98900000,2471668.49440000,0
1698069600000,218.70000000,219.80000000,218.70000000,219.30000000,13851.51700000,1698073199999,3037263.30130000,6841,7711.26700000,1690878.22030000,0
1698073200000,219.40000000,220.10000000,219.10000000,219.30000000,18348.79500000,1698076799999,4028514.84730000,8190,10237.27300000,2247738.07430000,0
1698076800000,219.20000000,221.20000000,219.00000000,221.00000000,28251.05700000,1698080399999,6217724.31940000,9786,17242.24100000,3795206.31090000,0
1698080400000,221.00000000,221.20000000,219.40000000,220.60000000,22427.71000000,1698083999999,4943051.48900000,9025,11844.29100000,2610650.78510000,0
1698084000000,220.60000000,221.30000000,219.40000000,221.20000000,30028.00100000,1698087599999,6619593.41030000,8452,15717.61600000,3465685.95930000,0
1698087600000,221.30000000,222.30000000,220.80000000,222.20000000,25024.82000000,1698091199999,5543864.98580000,8108,14048.47500000,3112866.04180000,0
1698091200000,222.20000000,223.30000000,221.60000000,221.80000000,25487.87400000,1698094799999,5667041.04320000,8689,13921.72700000,3095547.63410000,0
1698094800000,221.90000000,224.50000000,221.60000000,224.00000000,25505.01400000,1698098399999,5697036.70220000,10223,15731.75900000,3514334.14750000,0
1698098400000,224.10000000,230.40000000,223.50000000,229.90000000,184212.13800000,1698101999999,41900496.60880000,49441,104118.47800000,23678418.49500000,0
1698102000000,229.90000000,231.00000000,226.20000000,228.50000000,91425.87600000,1698105599999,20858340.66100000,25523,45794.94400000,10448489.92370000,0
