Symbol  ,Date  ,Expiry  ,Option type  ,Strike Price  ,Open  ,High  ,Low  ,Close  ,LTP  ,Settle Price  ,No. of contracts  ,Turnover * in  ₹ Lakhs,Premium Turnover ** in   ₹ Lakhs,Open Int  ,Change in OI  ,Underlying Value  
RELIANCE,08-Jan-2025,27-Feb-2025,CE,1260.00,39.75,51.75,39.75,48.50,48.00,48.50,400.00,2616.14,96.14,157500.00,10500.00,1265.50
RELIANCE,08-Jan-2025,27-Feb-2025,CE,1400.00,5.45,7.60,5.45,7.25,7.05,7.25,1380.00,9707.87,47.87,1222500.00,50000.00,1265.50
RELIANCE,08-Jan-2025,27-Feb-2025,CE,1120.00,-,-,-,170.00,170.00,158.20,-,-,-,500.00,-,1265.50
RELIANCE,08-Jan-2025,27-Feb-2025,CE,1270.00,35.30,46.05,35.30,43.10,43.00,43.10,104.00,682.58,22.18,32000.00,24000.00,1265.50
RELIANCE,08-Jan-2025,27-Feb-2025,CE,1130.00,-,-,-,116.05,-,148.95,-,-,-,-,-,1265.50
RELIANCE,08-Jan-2025,27-Feb-2025,CE,1420.00,5.25,5.70,5.00,5.35,5.35,5.35,53.00,377.70,1.40,46000.00,17000.00,1265.50
RELIANCE,08-Jan-2025,27-Feb-2025,CE,1140.00,-,-,-,165.40,-,139.90,-,-,-,-,-,1265.50
RELIANCE,08-Jan-2025,27-Feb-2025,CE,1280.00,29.95,40.40,29.95,38.20,38.00,38.20,153.00,1007.38,28.18,82500.00,-4000.00,1265.50
RELIANCE,08-Jan-2025,27-Feb-2025,CE,1150.00,135.00,135.00,135.00,135.00,135.00,131.00,1.00,6.43,0.68,500.00,500.00,1265.50
RELIANCE,08-Jan-2025,27-Feb-2025,CE,1290.00,33.45,34.90,30.40,34.00,34.00,34.00,46.00,304.26,7.56,21500.00,2000.00,1265.50
RELIANCE,08-Jan-2025,27-Feb-2025,CE,1440.00,3.50,4.35,3.25,4.10,4.35,4.10,80.00,577.60,1.60,55000.00,28000.00,1265.50
RELIANCE,08-Jan-2025,27-Feb-2025,CE,1160.00,123.35,123.35,123.35,123.35,123.35,122.30,1.00,6.42,0.62,1500.00,-,1265.50
RELIANCE,08-Jan-2025,27-Feb-2025,CE,1300.00,21.95,31.40,20.60,29.55,29.20,29.55,2801.00,18599.11,392.61,1184500.00,80500.00,1265.50
RELIANCE,08-Jan-2025,27-Feb-2025,CE,1460.00,3.00,3.90,2.60,3.60,3.60,3.60,15.00,109.74,0.24,4500.00,2000.00,1265.50
RELIANCE,08-Jan-2025,27-Feb-2025,CE,1170.00,-,-,-,87.65,-,113.80,-,-,-,-,-,1265.50
RELIANCE,08-Jan-2025,27-Feb-2025,CE,1310.00,22.00,26.15,21.60,24.65,24.65,28.20,30.00,200.01,3.51,20500.00,5500.00,1265.50
RELIANCE,08-Jan-2025,27-Feb-2025,CE,1480.00,2.60,3.45,1.85,2.25,1.85,2.25,15.00,111.20,0.20,16500.00,2000.00,1265.50
RELIANCE,08-Jan-2025,27-Feb-2025,CE,1180.00,-,-,-,117.00,117.00,105.55,-,-,-,1000.00,-,1265.50
RELIANCE,08-Jan-2025,27-Feb-2025,CE,1320.00,16.75,23.30,16.75,22.30,21.95,22.30,356.00,2386.95,37.35,140500.00,70500.00,1265.50
RELIANCE,08-Jan-2025,27-Feb-2025,CE,1520.00,1.80,2.00,1.30,1.80,1.75,1.80,361.00,2746.61,3.01,210000.00,53000.00,1265.50
RELIANCE,08-Jan-2025,27-Mar-2025,CE,1160.00,-,-,-,107.60,-,132.95,-,-,-,-,-,1265.50
RELIANCE,08-Jan-2025,27-Mar-2025,CE,1280.00,-,-,-,46.15,-,54.25,-,-,-,-,-,1265.50
RELIANCE,08-Jan-2025,27-Mar-2025,CE,1400.00,11.15,15.45,11.15,14.75,14.60,14.75,110.00,777.72,7.72,80500.00,16000.00,1265.50
RELIANCE,08-Jan-2025,27-Mar-2025,CE,1000.00,-,-,-,237.65,-,280.15,-,-,-,-,-,1265.50
RELIANCE,08-Jan-2025,27-Mar-2025,CE,1180.00,-,-,-,94.95,-,117.20,-,-,-,-,-,1265.50
RELIANCE,08-Jan-2025,27-Mar-2025,CE,1300.00,36.30,44.00,36.30,42.50,42.20,42.50,139.00,931.86,28.36,116500.00,22000.00,1265.50
RELIANCE,08-Jan-2025,27-Mar-2025,CE,1440.00,11.35,14.00,10.65,11.75,11.75,11.75,112.00,813.34,6.94,42500.00,31500.00,1265.50
RELIANCE,08-Jan-2025,27-Mar-2025,CE,1040.00,-,-,-,201.40,-,241.30,-,-,-,-,-,1265.50
RELIANCE,08-Jan-2025,27-Mar-2025,CE,1320.00,-,-,-,33.05,-,37.20,-,-,-,-,-,1265.50
RELIANCE,08-Jan-2025,27-Mar-2025,CE,1200.00,95.00,106.00,95.00,105.15,105.15,105.15,21.00,136.44,10.44,13500.00,-5000.00,1265.50
RELIANCE,08-Jan-2025,27-Mar-2025,CE,1080.00,-,-,-,167.25,-,203.35,-,-,-,-,-,1265.50
RELIANCE,08-Jan-2025,27-Mar-2025,CE,1220.00,-,-,-,72.50,-,88.60,-,-,-,-,-,1265.50
RELIANCE,08-Jan-2025,27-Mar-2025,CE,1100.00,-,-,-,151.15,-,184.90,-,-,-,-,-,1265.50
RELIANCE,08-Jan-2025,27-Mar-2025,CE,1240.00,-,-,-,62.75,-,76.00,-,-,-,-,-,1265.50
RELIANCE,08-Jan-2025,27-Mar-2025,CE,1360.00,-,-,-,23.20,-,24.50,-,-,-,-,-,1265.50
RELIANCE,08-Jan-2025,27-Mar-2025,CE,1120.00,-,-,-,135.80,-,166.95,-,-,-,-,-,1265.50
RELIANCE,08-Jan-2025,27-Mar-2025,CE,1140.00,-,-,-,121.30,-,149.60,-,-,-,-,-,1265.50
RELIANCE,08-Jan-2025,27-Mar-2025,CE,1260.00,58.00,64.55,54.95,63.00,63.00,63.00,43.00,284.02,13.12,15500.00,-3000.00,1265.50
RELIANCE,08-Jan-2025,27-Mar-2025,CE,1380.00,-,-,-,19.20,-,19.60,-,-,-,-,-,1265.50
RELIANCE,08-Jan-2025,30-Jan-2025,CE,1000.00,-,-,-,225.00,225.00,269.55,-,-,-,4500.00,-,1265.50
RELIANCE,08-Jan-2025,27-Mar-2025,CE,1340.00,28.40,28.40,28.40,28.40,28.40,30.35,1.00,6.84,0.14,1500.00,500.00,1265.50
RELIANCE,08-Jan-2025,30-Jan-2025,CE,1280.00,12.25,23.25,11.95,19.95,19.45,19.95,26440.00,171826.66,2610.66,2395500.00,-50500.00,1265.50
RELIANCE,08-Jan-2025,30-Jan-2025,CE,1290.00,9.95,18.95,9.30,16.20,15.75,16.20,10771.00,70331.58,858.63,1208000.00,67000.00,1265.50
RELIANCE,08-Jan-2025,30-Jan-2025,CE,1500.00,0.30,0.40,0.25,0.40,0.40,0.40,1462.00,10967.60,2.60,2960000.00,-63500.00,1265.50
RELIANCE,08-Jan-2025,30-Jan-2025,CE,1520.00,0.35,0.40,0.25,0.35,0.30,0.35,205.00,1558.34,0.34,743000.00,2000.00,1265.50
RELIANCE,08-Jan-2025,30-Jan-2025,CE,1100.00,148.50,173.20,148.50,167.05,167.00,167.05,61.00,386.62,51.12,120000.00,-4500.00,1265.50
RELIANCE,08-Jan-2025,30-Jan-2025,CE,1300.00,7.95,15.45,7.45,13.00,12.80,13.00,49730.00,326384.01,3139.01,10699000.00,-306500.00,1265.50
RELIANCE,08-Jan-2025,30-Jan-2025,CE,1110.00,166.00,166.00,166.00,166.00,166.00,160.15,1.00,6.38,0.83,1000.00,-,1265.50
RELIANCE,08-Jan-2025,30-Jan-2025,CE,1120.00,155.75,155.85,155.75,155.85,155.85,150.30,2.00,12.76,1.56,1000.00,-,1265.50
RELIANCE,08-Jan-2025,30-Jan-2025,CE,1310.00,5.85,12.20,5.50,10.15,10.05,10.15,8613.00,56840.67,425.52,852500.00,-57000.00,1265.50
RELIANCE,08-Jan-2025,30-Jan-2025,CE,1320.00,4.30,9.65,4.05,7.90,7.85,7.90,13531.00,89832.27,527.67,2008500.00,144500.00,1265.50
RELIANCE,08-Jan-2025,30-Jan-2025,CE,1130.00,146.90,146.90,141.95,141.95,141.95,140.50,3.00,19.13,2.18,500.00,-500.00,1265.50
RELIANCE,08-Jan-2025,30-Jan-2025,CE,1140.00,137.05,137.05,135.00,135.00,135.00,130.75,2.00,12.76,1.36,7000.00,-,1265.50
RELIANCE,08-Jan-2025,30-Jan-2025,CE,1330.00,3.45,7.60,3.45,6.15,6.15,6.15,9336.00,62366.10,281.70,1479500.00,255000.00,1265.50
RELIANCE,08-Jan-2025,30-Jan-2025,CE,1340.00,2.90,6.00,2.80,4.80,4.75,4.80,7229.00,48605.67,171.37,1438500.00,109500.00,1265.50
RELIANCE,08-Jan-2025,30-Jan-2025,CE,1150.00,105.80,124.00,105.80,120.10,119.05,120.10,151.00,955.76,87.51,183000.00,-33500.00,1265.50
RELIANCE,08-Jan-2025,30-Jan-2025,CE,1160.00,101.95,113.80,101.10,113.80,113.80,111.60,30.00,189.68,15.68,92000.00,-10500.00,1265.50
RELIANCE,08-Jan-2025,30-Jan-2025,CE,1350.00,2.50,4.80,2.30,3.85,3.80,3.85,12505.00,84646.72,237.97,2926000.00,-545000.00,1265.50
RELIANCE,08-Jan-2025,30-Jan-2025,CE,1170.00,86.00,104.85,86.00,100.00,100.00,100.00,23.00,145.83,11.28,43500.00,-1500.00,1265.50
RELIANCE,08-Jan-2025,30-Jan-2025,CE,1360.00,1.90,3.85,1.90,3.10,3.05,3.10,3586.00,24438.36,53.56,826000.00,-31500.00,1265.50
RELIANCE,08-Jan-2025,30-Jan-2025,CE,1370.00,1.60,3.10,1.55,2.45,2.50,2.45,2725.00,18698.45,32.20,445000.00,26000.00,1265.50
RELIANCE,08-Jan-2025,30-Jan-2025,CE,1180.00,77.05,96.30,77.05,91.00,91.00,91.00,54.00,342.53,23.93,126500.00,10500.00,1265.50
RELIANCE,08-Jan-2025,30-Jan-2025,CE,1190.00,72.90,87.10,72.25,83.05,83.05,83.05,85.00,539.02,33.27,53500.00,-9500.00,1265.50
RELIANCE,08-Jan-2025,30-Jan-2025,CE,1380.00,1.30,2.50,1.30,2.05,2.05,2.05,2506.00,17315.77,24.37,475500.00,48500.00,1265.50
RELIANCE,08-Jan-2025,30-Jan-2025,CE,1390.00,1.40,2.10,1.25,1.75,1.70,1.75,1568.00,10910.73,13.13,196000.00,12500.00,1265.50
RELIANCE,08-Jan-2025,30-Jan-2025,CE,1200.00,59.80,79.15,59.35,74.50,73.45,74.50,2897.00,18428.51,1046.51,1671000.00,-53500.00,1265.50
RELIANCE,08-Jan-2025,30-Jan-2025,CE,1210.00,50.65,70.00,50.65,64.70,64.30,64.70,864.00,5498.09,270.89,3165000.00,-51500.00,1265.50
RELIANCE,08-Jan-2025,30-Jan-2025,CE,1400.00,1.25,1.80,1.05,1.55,1.50,1.55,7286.00,51055.38,53.38,5904500.00,77500.00,1265.50
RELIANCE,08-Jan-2025,30-Jan-2025,CE,1220.00,42.95,62.00,42.90,57.10,56.25,57.10,2398.00,15275.05,647.25,1863500.00,-127000.00,1265.50
RELIANCE,08-Jan-2025,30-Jan-2025,CE,1410.00,1.00,1.50,0.95,1.35,1.35,1.35,680.00,4798.14,4.14,269500.00,27500.00,1265.50
RELIANCE,08-Jan-2025,30-Jan-2025,CE,1420.00,0.85,1.25,0.75,1.15,1.05,1.15,767.00,5449.67,3.97,415500.00,6000.00,1265.50
RELIANCE,08-Jan-2025,30-Jan-2025,CE,1230.00,35.50,54.35,35.50,49.35,48.40,49.35,3587.00,22913.24,853.19,2573000.00,-448000.00,1265.50
RELIANCE,08-Jan-2025,30-Jan-2025,CE,1240.00,30.05,46.65,29.25,42.15,41.00,42.15,11503.00,73609.38,2290.78,4928000.00,-658000.00,1265.50
RELIANCE,08-Jan-2025,30-Jan-2025,CE,1430.00,0.80,1.10,0.75,0.95,0.90,0.95,591.00,4228.43,2.78,121500.00,18500.00,1265.50
RELIANCE,08-Jan-2025,30-Jan-2025,CE,1440.00,0.65,0.85,0.60,0.80,0.80,0.80,510.00,3673.89,1.89,431500.00,63000.00,1265.50
RELIANCE,08-Jan-2025,30-Jan-2025,CE,1250.00,24.20,39.90,23.80,35.55,34.60,35.55,24061.00,154423.91,4042.66,4642500.00,-1353000.00,1265.50
RELIANCE,08-Jan-2025,30-Jan-2025,CE,1260.00,19.50,33.85,19.00,29.75,28.90,29.75,39641.00,255452.08,5713.78,4005000.00,-716500.00,1265.50
RELIANCE,08-Jan-2025,30-Jan-2025,CE,1460.00,0.55,0.70,0.50,0.60,0.65,0.60,229.00,1672.39,0.69,329500.00,10500.00,1265.50
RELIANCE,08-Jan-2025,30-Jan-2025,CE,1480.00,0.40,0.55,0.40,0.55,0.55,0.55,99.00,732.85,0.25,131000.00,9500.00,1265.50
RELIANCE,08-Jan-2025,30-Jan-2025,CE,1270.00,16.20,28.30,15.45,24.65,23.85,24.65,31033.00,200883.18,3823.63,2686500.00,507000.00,1265.50
RELIANCE,08-Jan-2025,30-Jan-2025,CE,1080.00,-,-,-,274.00,-,189.90,-,-,-,-,-,1265.50
RELIANCE,08-Jan-2025,30-Jan-2025,CE,1090.00,-,-,-,198.10,-,180.00,-,-,-,-,-,1265.50
RELIANCE,08-Jan-2025,30-Jan-2025,CE,1020.00,242.00,242.00,242.00,242.00,242.00,249.65,1.00,6.31,1.21,-,-500.00,1265.50
RELIANCE,08-Jan-2025,30-Jan-2025,CE,1040.00,-,-,-,181.00,182.90,229.70,-,-,-,500.00,-,1265.50
RELIANCE,08-Jan-2025,30-Jan-2025,CE,1060.00,200.00,210.00,200.00,210.00,210.00,209.80,2.00,12.65,2.05,1000.00,1000.00,1265.50
RELIANCE,08-Jan-2025,27-Feb-2025,CE,1190.00,-,-,-,67.90,67.90,97.60,-,-,-,1000.00,-,1265.50
RELIANCE,08-Jan-2025,27-Feb-2025,CE,1330.00,15.75,20.30,15.75,20.30,20.30,21.65,120.00,809.14,11.14,51500.00,50000.00,1265.50
RELIANCE,08-Jan-2025,27-Feb-2025,CE,1020.00,-,-,-,238.50,238.50,255.00,-,-,-,500.00,-,1265.50
RELIANCE,08-Jan-2025,27-Feb-2025,CE,1200.00,79.90,93.10,78.35,89.65,89.25,89.65,151.00,970.66,64.66,116500.00,-8000.00,1265.50
RELIANCE,08-Jan-2025,27-Feb-2025,CE,1340.00,12.60,17.55,12.60,16.80,16.75,16.80,128.00,867.64,10.04,86500.00,-,1265.50
RELIANCE,08-Jan-2025,27-Feb-2025,CE,1040.00,-,-,-,252.60,-,235.30,-,-,-,-,-,1265.50
RELIANCE,08-Jan-2025,27-Feb-2025,CE,1210.00,79.20,79.20,77.05,77.05,77.05,82.50,3.00,19.32,1.17,2000.00,-500.00,1265.50
RELIANCE,08-Jan-2025,27-Feb-2025,CE,1350.00,10.45,15.00,10.45,14.15,13.85,14.15,297.00,2024.66,19.91,93500.00,69500.00,1265.50
RELIANCE,08-Jan-2025,27-Feb-2025,CE,1060.00,-,-,-,234.25,-,215.65,-,-,-,-,-,1265.50
RELIANCE,08-Jan-2025,27-Feb-2025,CE,1220.00,68.25,78.00,66.85,75.00,75.00,75.45,19.00,122.88,6.98,61000.00,1000.00,1265.50
RELIANCE,08-Jan-2025,27-Feb-2025,CE,1360.00,9.40,12.90,9.40,12.25,12.25,12.25,259.00,1776.43,15.23,142000.00,-4500.00,1265.50
RELIANCE,08-Jan-2025,27-Feb-2025,CE,1370.00,-,-,-,12.10,-,12.10,-,-,-,-,-,1265.50
RELIANCE,08-Jan-2025,27-Feb-2025,CE,1080.00,-,-,-,216.25,-,196.20,-,-,-,-,-,1265.50
RELIANCE,08-Jan-2025,27-Feb-2025,CE,1230.00,59.15,69.00,58.10,69.00,69.00,68.75,20.00,129.26,6.26,12500.00,-2000.00,1265.50
RELIANCE,08-Jan-2025,27-Feb-2025,CE,1090.00,-,-,-,148.30,-,186.60,-,-,-,-,-,1265.50
RELIANCE,08-Jan-2025,27-Feb-2025,CE,1100.00,-,-,-,135.00,135.00,177.00,-,-,-,1000.00,-,1265.50
RELIANCE,08-Jan-2025,27-Feb-2025,CE,1240.00,51.00,64.70,51.00,61.60,60.80,61.60,211.00,1370.71,62.51,77500.00,-11000.00,1265.50
RELIANCE,08-Jan-2025,27-Feb-2025,CE,1380.00,7.50,9.70,7.50,9.10,9.25,9.10,119.00,826.50,5.40,55500.00,38000.00,1265.50
RELIANCE,08-Jan-2025,27-Feb-2025,CE,1250.00,42.85,57.50,42.85,54.45,53.65,54.45,443.00,2884.47,115.72,124500.00,-14000.00,1265.50
RELIANCE,08-Jan-2025,27-Feb-2025,CE,1110.00,-,-,-,131.75,-,167.55,-,-,-,-,-,1265.50
RELIANCE,07-Jan-2025,27-Feb-2025,CE,1120.00,-,-,-,170.00,170.00,135.50,-,-,-,500.00,-,1240.85
RELIANCE,07-Jan-2025,27-Feb-2025,CE,1260.00,29.60,36.00,29.60,35.60,35.80,35.60,96.00,621.19,16.39,147000.00,4000.00,1240.85
RELIANCE,07-Jan-2025,27-Feb-2025,CE,1400.00,4.60,5.35,4.55,5.10,5.35,5.10,903.00,6343.34,22.34,1172500.00,56500.00,1240.85
RELIANCE,07-Jan-2025,27-Feb-2025,CE,1130.00,-,-,-,116.05,-,126.65,-,-,-,-,-,1240.85
RELIANCE,07-Jan-2025,27-Feb-2025,CE,1270.00,31.00,32.00,31.00,31.55,31.55,33.65,8.00,52.07,1.27,8000.00,-2500.00,1240.85
RELIANCE,07-Jan-2025,27-Feb-2025,CE,1140.00,-,-,-,165.40,-,118.00,-,-,-,-,-,1240.85
RELIANCE,07-Jan-2025,27-Feb-2025,CE,1280.00,22.60,27.60,22.60,26.75,26.80,26.75,69.00,450.61,9.01,86500.00,-,1240.85
RELIANCE,07-Jan-2025,27-Feb-2025,CE,1420.00,3.70,4.40,3.55,3.75,3.75,3.25,25.00,177.98,0.48,29000.00,6500.00,1240.85
RELIANCE,07-Jan-2025,27-Feb-2025,CE,1150.00,-,-,-,101.35,-,109.60,-,-,-,-,-,1240.85
RELIANCE,07-Jan-2025,27-Feb-2025,CE,1440.00,2.65,3.95,2.65,3.15,3.15,3.15,9.00,64.95,0.15,27000.00,2000.00,1240.85
RELIANCE,07-Jan-2025,27-Feb-2025,CE,1290.00,18.85,23.45,18.85,23.45,23.45,26.10,14.00,91.79,1.49,19500.00,3500.00,1240.85
RELIANCE,07-Jan-2025,27-Feb-2025,CE,1160.00,-,-,-,95.80,95.80,101.45,-,-,-,1500.00,-,1240.85
RELIANCE,07-Jan-2025,27-Feb-2025,CE,1300.00,16.80,20.95,16.50,20.15,20.10,20.15,865.00,5706.76,84.26,1104000.00,-39000.00,1240.85
RELIANCE,07-Jan-2025,27-Feb-2025,CE,1460.00,2.55,2.55,2.10,2.50,2.50,1.50,4.00,29.25,0.05,2500.00,500.00,1240.85
RELIANCE,07-Jan-2025,27-Feb-2025,CE,1480.00,-,-,-,2.05,2.05,1.00,-,-,-,14500.00,-,1240.85
RELIANCE,07-Jan-2025,27-Feb-2025,CE,1170.00,-,-,-,87.65,-,93.60,-,-,-,-,-,1240.85
RELIANCE,07-Jan-2025,27-Feb-2025,CE,1310.00,17.25,17.25,16.25,17.20,17.20,19.90,6.00,39.81,0.51,15000.00,2000.00,1240.85
RELIANCE,07-Jan-2025,27-Feb-2025,CE,1180.00,-,-,-,117.00,117.00,86.00,-,-,-,1000.00,-,1240.85
RELIANCE,07-Jan-2025,27-Feb-2025,CE,1320.00,12.75,15.25,12.60,14.75,15.00,14.75,63.00,420.34,4.54,70000.00,3000.00,1240.85
RELIANCE,07-Jan-2025,27-Feb-2025,CE,1520.00,1.30,1.55,1.30,1.55,1.55,1.55,9.00,68.47,0.07,157000.00,1500.00,1240.85
RELIANCE,07-Jan-2025,27-Mar-2025,CE,1160.00,-,-,-,107.60,-,112.95,-,-,-,-,-,1240.85
RELIANCE,07-Jan-2025,27-Mar-2025,CE,1280.00,-,-,-,46.15,-,42.35,-,-,-,-,-,1240.85
RELIANCE,07-Jan-2025,27-Mar-2025,CE,1400.00,10.60,10.95,10.00,10.40,10.65,10.40,39.00,275.04,2.04,64500.00,4500.00,1240.85
RELIANCE,07-Jan-2025,27-Mar-2025,CE,1000.00,-,-,-,237.65,-,255.90,-,-,-,-,-,1240.85
RELIANCE,07-Jan-2025,27-Mar-2025,CE,1180.00,-,-,-,94.95,-,98.30,-,-,-,-,-,1240.85
RELIANCE,07-Jan-2025,27-Mar-2025,CE,1040.00,-,-,-,201.40,-,217.45,-,-,-,-,-,1240.85
RELIANCE,07-Jan-2025,27-Mar-2025,CE,1300.00,28.85,33.55,28.85,32.30,32.20,32.30,66.00,439.57,10.57,94500.00,19000.00,1240.85
RELIANCE,07-Jan-2025,27-Mar-2025,CE,1440.00,11.45,14.00,11.45,14.00,14.00,6.45,10.00,72.63,0.63,11000.00,5000.00,1240.85
RELIANCE,07-Jan-2025,27-Mar-2025,CE,1200.00,78.00,85.50,78.00,85.50,85.50,84.75,9.00,57.68,3.68,18500.00,-1500.00,1240.85
RELIANCE,07-Jan-2025,27-Mar-2025,CE,1320.00,-,-,-,33.05,-,28.15,-,-,-,-,-,1240.85
RELIANCE,07-Jan-2025,27-Mar-2025,CE,1080.00,-,-,-,167.25,-,180.25,-,-,-,-,-,1240.85
RELIANCE,07-Jan-2025,27-Mar-2025,CE,1340.00,-,-,-,23.00,23.00,22.60,-,-,-,1000.00,-,1240.85
RELIANCE,07-Jan-2025,27-Mar-2025,CE,1100.00,-,-,-,151.15,-,162.35,-,-,-,-,-,1240.85
RELIANCE,07-Jan-2025,27-Mar-2025,CE,1220.00,-,-,-,72.50,-,72.35,-,-,-,-,-,1240.85
RELIANCE,07-Jan-2025,27-Mar-2025,CE,1240.00,-,-,-,62.75,-,61.15,-,-,-,-,-,1240.85
RELIANCE,07-Jan-2025,27-Mar-2025,CE,1360.00,-,-,-,23.20,-,17.95,-,-,-,-,-,1240.85
RELIANCE,07-Jan-2025,27-Mar-2025,CE,1120.00,-,-,-,135.80,-,145.05,-,-,-,-,-,1240.85
RELIANCE,07-Jan-2025,27-Mar-2025,CE,1140.00,-,-,-,121.30,-,128.55,-,-,-,-,-,1240.85
RELIANCE,07-Jan-2025,27-Mar-2025,CE,1260.00,44.00,50.00,44.00,49.90,49.90,51.15,28.00,183.10,6.70,18500.00,11000.00,1240.85
RELIANCE,07-Jan-2025,27-Mar-2025,CE,1380.00,-,-,-,19.20,-,14.10,-,-,-,-,-,1240.85
RELIANCE,07-Jan-2025,30-Jan-2025,CE,1000.00,-,-,-,225.00,225.00,245.10,-,-,-,4500.00,-,1240.85
RELIANCE,07-Jan-2025,30-Jan-2025,CE,1280.00,8.00,12.05,7.85,11.20,11.15,11.20,6626.00,42750.32,343.92,2446000.00,38000.00,1240.85
RELIANCE,07-Jan-2025,30-Jan-2025,CE,1290.00,6.70,9.45,6.25,8.75,8.65,8.75,3006.00,19512.73,124.03,1141000.00,-48000.00,1240.85
RELIANCE,07-Jan-2025,30-Jan-2025,CE,1480.00,0.45,0.50,0.35,0.45,0.45,0.45,90.00,666.19,0.19,121500.00,5000.00,1240.85
RELIANCE,07-Jan-2025,30-Jan-2025,CE,1500.00,0.30,0.35,0.25,0.30,0.30,0.30,341.00,2558.03,0.53,3023500.00,-7000.00,1240.85
RELIANCE,07-Jan-2025,30-Jan-2025,CE,1520.00,0.35,0.35,0.30,0.35,0.35,0.35,105.00,798.18,0.18,741000.00,-6000.00,1240.85
RELIANCE,07-Jan-2025,30-Jan-2025,CE,1100.00,130.75,147.00,130.70,146.00,144.95,146.00,48.00,297.10,33.10,124500.00,17000.00,1240.85
RELIANCE,07-Jan-2025,30-Jan-2025,CE,1110.00,-,-,-,114.05,114.05,136.05,-,-,-,1000.00,-,1240.85
RELIANCE,07-Jan-2025,30-Jan-2025,CE,1300.00,5.25,7.30,5.00,6.85,6.90,6.85,15326.00,100112.57,493.57,11005500.00,-506500.00,1240.85
RELIANCE,07-Jan-2025,30-Jan-2025,CE,1310.00,4.50,5.65,4.05,5.30,5.25,5.30,2478.00,16292.37,61.47,909500.00,-45000.00,1240.85
RELIANCE,07-Jan-2025,30-Jan-2025,CE,1120.00,-,-,-,117.30,117.30,126.35,-,-,-,1000.00,-,1240.85
RELIANCE,07-Jan-2025,30-Jan-2025,CE,1130.00,-,-,-,115.05,115.05,116.75,-,-,-,1000.00,-,1240.85
RELIANCE,07-Jan-2025,30-Jan-2025,CE,1320.00,3.35,4.30,3.20,4.05,4.05,4.05,3031.00,20063.04,58.44,1864000.00,6000.00,1240.85
RELIANCE,07-Jan-2025,30-Jan-2025,CE,1140.00,-,-,-,107.50,107.50,107.30,-,-,-,7000.00,-,1240.85
RELIANCE,07-Jan-2025,30-Jan-2025,CE,1330.00,2.60,3.30,2.55,3.15,3.20,3.15,1490.00,9930.62,22.12,1224500.00,85000.00,1240.85
RELIANCE,07-Jan-2025,30-Jan-2025,CE,1340.00,2.15,2.60,2.05,2.55,2.55,2.55,1366.00,9168.50,16.30,1329000.00,44500.00,1240.85
RELIANCE,07-Jan-2025,30-Jan-2025,CE,1150.00,87.00,100.50,85.00,97.85,97.55,97.85,156.00,969.75,72.75,216500.00,-15000.00,1240.85
RELIANCE,07-Jan-2025,30-Jan-2025,CE,1160.00,83.85,91.25,82.75,88.10,88.05,88.10,17.00,106.05,7.45,102500.00,-2000.00,1240.85
RELIANCE,07-Jan-2025,30-Jan-2025,CE,1350.00,1.80,2.25,1.80,2.15,2.15,2.15,3611.00,24410.96,36.71,3471000.00,276000.00,1240.85
RELIANCE,07-Jan-2025,30-Jan-2025,CE,1170.00,67.45,81.65,67.45,79.20,79.95,79.20,86.00,535.05,31.95,45000.00,-3000.00,1240.85
RELIANCE,07-Jan-2025,30-Jan-2025,CE,1180.00,59.35,72.75,58.30,70.60,70.85,70.60,126.00,785.03,41.63,116000.00,-7000.00,1240.85
RELIANCE,07-Jan-2025,30-Jan-2025,CE,1360.00,1.50,1.75,1.45,1.70,1.70,1.70,1256.00,8550.94,10.14,857500.00,-15500.00,1240.85
RELIANCE,07-Jan-2025,30-Jan-2025,CE,1370.00,1.20,1.45,1.20,1.40,1.40,1.40,801.00,5492.20,5.35,419000.00,-3000.00,1240.85
RELIANCE,07-Jan-2025,30-Jan-2025,CE,1190.00,51.25,64.70,50.55,62.50,62.40,62.50,205.00,1278.53,58.78,63000.00,-25500.00,1240.85
RELIANCE,07-Jan-2025,30-Jan-2025,CE,1380.00,1.15,1.30,1.00,1.25,1.30,1.25,529.00,3653.10,3.00,427000.00,4500.00,1240.85
RELIANCE,07-Jan-2025,30-Jan-2025,CE,1390.00,1.05,1.15,0.95,1.10,1.15,1.10,240.00,1669.25,1.25,183500.00,12000.00,1240.85
RELIANCE,07-Jan-2025,30-Jan-2025,CE,1200.00,42.00,57.25,42.00,54.55,54.50,54.55,3018.00,18885.51,777.51,1724500.00,-61000.00,1240.85
RELIANCE,07-Jan-2025,30-Jan-2025,CE,1210.00,37.00,49.00,35.10,46.80,46.20,46.80,1323.00,8290.04,285.89,3216500.00,-44000.00,1240.85
RELIANCE,07-Jan-2025,30-Jan-2025,CE,1400.00,0.85,1.00,0.80,1.00,0.95,1.00,2432.00,17035.31,11.31,5827000.00,-45000.00,1240.85
RELIANCE,07-Jan-2025,30-Jan-2025,CE,1220.00,29.45,42.00,29.45,39.70,39.20,39.70,5921.00,37190.53,1072.43,1990500.00,-272000.00,1240.85
RELIANCE,07-Jan-2025,30-Jan-2025,CE,1410.00,0.85,0.90,0.80,0.90,0.90,0.90,271.00,1911.75,1.20,242000.00,13500.00,1240.85
RELIANCE,07-Jan-2025,30-Jan-2025,CE,1420.00,0.70,0.75,0.60,0.75,0.70,0.75,207.00,1470.44,0.74,409500.00,12000.00,1240.85
RELIANCE,07-Jan-2025,30-Jan-2025,CE,1230.00,25.35,35.45,24.40,33.45,32.90,33.45,11516.00,72557.82,1734.42,3021000.00,624000.00,1240.85
RELIANCE,07-Jan-2025,30-Jan-2025,CE,1240.00,21.25,29.10,19.50,27.25,27.10,27.25,14361.00,90883.65,1845.45,5586000.00,-149500.00,1240.85
RELIANCE,07-Jan-2025,30-Jan-2025,CE,1430.00,0.65,0.75,0.60,0.75,0.70,0.75,39.00,278.98,0.13,103000.00,-8000.00,1240.85
RELIANCE,07-Jan-2025,30-Jan-2025,CE,1440.00,0.55,0.65,0.50,0.60,0.60,0.60,282.00,2031.25,0.85,368500.00,-61000.00,1240.85
RELIANCE,07-Jan-2025,30-Jan-2025,CE,1250.00,16.45,23.85,15.70,22.20,22.00,22.20,18024.00,114531.55,1881.55,5995500.00,-700000.00,1240.85
RELIANCE,07-Jan-2025,30-Jan-2025,CE,1260.00,12.95,19.20,12.60,17.85,17.65,17.85,10068.00,64269.69,841.29,4721500.00,-72500.00,1240.85
RELIANCE,07-Jan-2025,30-Jan-2025,CE,1460.00,0.50,0.55,0.45,0.50,0.50,0.50,88.00,642.63,0.23,319000.00,-13500.00,1240.85
RELIANCE,07-Jan-2025,30-Jan-2025,CE,1270.00,15.00,15.25,9.45,14.20,14.05,14.20,6884.00,44173.27,459.87,2179500.00,231500.00,1240.85
RELIANCE,07-Jan-2025,30-Jan-2025,CE,1080.00,-,-,-,274.00,-,165.55,-,-,-,-,-,1240.85
RELIANCE,07-Jan-2025,30-Jan-2025,CE,1090.00,-,-,-,198.10,-,155.65,-,-,-,-,-,1240.85
RELIANCE,07-Jan-2025,30-Jan-2025,CE,1020.00,225.00,225.00,225.00,225.00,225.00,225.00,1.00,6.23,1.13,500.00,500.00,1240.85
RELIANCE,07-Jan-2025,30-Jan-2025,CE,1040.00,-,-,-,181.00,182.90,205.30,-,-,-,500.00,-,1240.85
RELIANCE,07-Jan-2025,30-Jan-2025,CE,1060.00,-,-,-,292.85,-,185.40,-,-,-,-,-,1240.85
RELIANCE,07-Jan-2025,27-Feb-2025,CE,1190.00,-,-,-,67.90,67.90,78.75,-,-,-,1000.00,-,1240.85
RELIANCE,07-Jan-2025,27-Feb-2025,CE,1330.00,12.50,13.05,12.50,13.05,13.05,14.90,3.00,20.14,0.19,1500.00,-500.00,1240.85
RELIANCE,07-Jan-2025,27-Feb-2025,CE,1020.00,-,-,-,238.50,238.50,230.65,-,-,-,500.00,-,1240.85
RELIANCE,07-Jan-2025,27-Feb-2025,CE,1200.00,64.70,73.00,61.10,71.25,70.90,71.25,93.00,589.99,31.99,124500.00,-8000.00,1240.85
RELIANCE,07-Jan-2025,27-Feb-2025,CE,1340.00,9.25,11.35,9.20,10.90,10.85,10.90,155.00,1046.84,8.34,86500.00,-13000.00,1240.85
RELIANCE,07-Jan-2025,27-Feb-2025,CE,1040.00,-,-,-,252.60,-,211.05,-,-,-,-,-,1240.85
RELIANCE,07-Jan-2025,27-Feb-2025,CE,1210.00,63.00,64.95,63.00,64.00,64.00,65.25,3.00,19.11,0.96,2500.00,-,1240.85
RELIANCE,07-Jan-2025,27-Feb-2025,CE,1220.00,49.80,59.00,49.80,57.40,57.40,59.05,47.00,299.67,12.97,60000.00,-3000.00,1240.85
RELIANCE,07-Jan-2025,27-Feb-2025,CE,1350.00,11.05,11.05,8.70,9.40,9.40,9.40,47.00,319.42,2.17,24000.00,9500.00,1240.85
RELIANCE,07-Jan-2025,27-Feb-2025,CE,1060.00,-,-,-,234.25,-,191.60,-,-,-,-,-,1240.85
RELIANCE,07-Jan-2025,27-Feb-2025,CE,1080.00,-,-,-,216.25,-,172.45,-,-,-,-,-,1240.85
RELIANCE,07-Jan-2025,27-Feb-2025,CE,1360.00,7.25,8.40,7.25,8.00,8.00,8.00,79.00,540.34,3.14,146500.00,10000.00,1240.85
RELIANCE,07-Jan-2025,27-Feb-2025,CE,1370.00,-,-,-,12.10,-,7.90,-,-,-,-,-,1240.85
RELIANCE,07-Jan-2025,27-Feb-2025,CE,1090.00,-,-,-,148.30,-,163.05,-,-,-,-,-,1240.85
RELIANCE,07-Jan-2025,27-Feb-2025,CE,1230.00,47.55,53.00,46.75,50.00,50.00,53.25,25.00,159.97,6.22,14500.00,-500.00,1240.85
RELIANCE,07-Jan-2025,27-Feb-2025,CE,1100.00,-,-,-,135.00,135.00,153.70,-,-,-,1000.00,-,1240.85
RELIANCE,07-Jan-2025,27-Feb-2025,CE,1240.00,40.00,47.00,38.40,45.70,45.70,45.70,101.00,648.61,22.41,88500.00,6000.00,1240.85
RELIANCE,07-Jan-2025,27-Feb-2025,CE,1380.00,3.45,6.30,3.45,6.30,6.30,6.30,27.00,187.08,0.78,17500.00,12000.00,1240.85
RELIANCE,07-Jan-2025,27-Feb-2025,CE,1110.00,-,-,-,131.75,-,144.50,-,-,-,-,-,1240.85
RELIANCE,07-Jan-2025,27-Feb-2025,CE,1250.00,33.00,41.55,33.00,40.30,40.20,40.30,174.00,1121.51,34.01,138500.00,-5000.00,1240.85
RELIANCE,06-Jan-2025,30-Jan-2025,CE,1280.00,14.25,19.25,7.35,7.65,7.80,7.65,13041.00,84271.90,809.50,2408000.00,48500.00,1218.00
RELIANCE,06-Jan-2025,30-Jan-2025,CE,1290.00,12.35,15.50,5.95,6.15,6.30,6.15,6768.00,43982.70,329.10,1189000.00,-86000.00,1218.00
RELIANCE,06-Jan-2025,30-Jan-2025,CE,1500.00,0.35,0.35,0.25,0.30,0.30,0.30,1229.00,9219.31,1.81,3030500.00,6000.00,1218.00
RELIANCE,06-Jan-2025,30-Jan-2025,CE,1520.00,0.35,0.35,0.30,0.35,0.30,0.35,139.00,1056.62,0.22,747000.00,-15000.00,1218.00
RELIANCE,06-Jan-2025,30-Jan-2025,CE,1100.00,160.00,163.00,124.10,126.40,127.05,126.40,102.00,632.70,71.70,107500.00,-10000.00,1218.00
RELIANCE,06-Jan-2025,30-Jan-2025,CE,1300.00,9.60,12.50,4.85,5.05,5.15,5.05,25276.00,165279.77,985.77,11512000.00,925500.00,1218.00
RELIANCE,06-Jan-2025,30-Jan-2025,CE,1110.00,114.05,114.05,114.05,114.05,114.05,114.05,1.00,6.12,0.57,1000.00,500.00,1218.00
RELIANCE,06-Jan-2025,30-Jan-2025,CE,1120.00,116.35,117.30,116.35,117.30,117.30,104.75,2.00,12.37,1.17,1000.00,1000.00,1218.00
RELIANCE,06-Jan-2025,30-Jan-2025,CE,1310.00,7.10,9.75,3.85,4.00,4.15,4.00,5322.00,35027.99,168.89,954500.00,-79000.00,1218.00
RELIANCE,06-Jan-2025,30-Jan-2025,CE,1320.00,5.80,7.55,3.00,3.15,3.25,3.15,5969.00,39533.93,138.53,1858000.00,-3000.00,1218.00
RELIANCE,06-Jan-2025,30-Jan-2025,CE,1130.00,115.00,115.05,115.00,115.05,115.05,95.55,2.00,12.45,1.15,1000.00,1000.00,1218.00
RELIANCE,06-Jan-2025,30-Jan-2025,CE,1140.00,105.30,107.50,105.30,107.50,107.50,86.60,2.00,12.46,1.06,7000.00,1000.00,1218.00
RELIANCE,06-Jan-2025,30-Jan-2025,CE,1330.00,4.30,5.95,2.40,2.50,2.60,2.50,3814.00,25433.14,70.04,1139500.00,-12000.00,1218.00
RELIANCE,06-Jan-2025,30-Jan-2025,CE,1340.00,3.60,4.60,1.95,2.05,2.10,2.05,4245.00,28502.50,61.00,1284500.00,44500.00,1218.00
RELIANCE,06-Jan-2025,30-Jan-2025,CE,1150.00,108.70,118.00,78.50,80.30,80.30,80.30,298.00,1853.37,139.87,231500.00,-11500.00,1218.00
RELIANCE,06-Jan-2025,30-Jan-2025,CE,1160.00,103.65,103.65,69.90,72.00,71.10,72.00,112.00,693.51,43.91,104500.00,4500.00,1218.00
RELIANCE,06-Jan-2025,30-Jan-2025,CE,1350.00,3.00,3.70,1.65,1.75,1.80,1.75,6345.00,42905.24,76.49,3195000.00,190500.00,1218.00
RELIANCE,06-Jan-2025,30-Jan-2025,CE,1170.00,98.00,98.00,61.65,63.55,63.70,63.55,85.00,526.39,29.14,48000.00,-1000.00,1218.00
RELIANCE,06-Jan-2025,30-Jan-2025,CE,1360.00,2.20,2.90,1.25,1.35,1.45,1.35,2447.00,16663.10,23.50,873000.00,25500.00,1218.00
RELIANCE,06-Jan-2025,30-Jan-2025,CE,1370.00,2.10,2.30,1.15,1.20,1.20,1.20,1052.00,7214.56,8.36,422000.00,52000.00,1218.00
RELIANCE,06-Jan-2025,30-Jan-2025,CE,1180.00,80.45,90.00,53.75,55.70,55.05,55.70,261.00,1623.68,83.78,123000.00,20000.00,1218.00
RELIANCE,06-Jan-2025,30-Jan-2025,CE,1190.00,71.70,80.70,46.40,48.05,47.85,48.05,386.00,2410.64,113.94,88500.00,24500.00,1218.00
RELIANCE,06-Jan-2025,30-Jan-2025,CE,1380.00,1.40,1.90,0.95,1.10,1.15,1.10,1121.00,7742.47,7.57,422500.00,-19000.00,1218.00
RELIANCE,06-Jan-2025,30-Jan-2025,CE,1390.00,1.30,1.60,0.95,1.00,1.00,1.00,621.00,4319.86,3.91,171500.00,-3500.00,1218.00
RELIANCE,06-Jan-2025,30-Jan-2025,CE,1200.00,64.45,72.70,39.50,40.95,40.70,40.95,4329.00,27101.19,1127.19,1785500.00,47500.00,1218.00
RELIANCE,06-Jan-2025,30-Jan-2025,CE,1210.00,56.05,63.60,32.85,33.95,33.90,33.95,1299.00,8130.62,271.67,3260500.00,20000.00,1218.00
RELIANCE,06-Jan-2025,30-Jan-2025,CE,1400.00,1.10,1.40,0.80,0.85,0.80,0.85,6446.00,45154.39,32.39,5872000.00,46500.00,1218.00
RELIANCE,06-Jan-2025,30-Jan-2025,CE,1220.00,47.05,56.00,27.15,28.40,28.15,28.40,7651.00,48059.36,1388.26,2262500.00,66500.00,1218.00
RELIANCE,06-Jan-2025,30-Jan-2025,CE,1410.00,1.00,1.15,0.75,0.80,0.80,0.80,437.00,3082.71,1.86,228500.00,68500.00,1218.00
RELIANCE,06-Jan-2025,30-Jan-2025,CE,1420.00,0.75,0.95,0.60,0.65,0.65,0.65,383.00,2720.87,1.57,397500.00,-21000.00,1218.00
RELIANCE,06-Jan-2025,30-Jan-2025,CE,1230.00,41.65,48.40,22.15,23.30,22.90,23.30,9957.00,62722.85,1487.30,2397000.00,640500.00,1218.00
RELIANCE,06-Jan-2025,30-Jan-2025,CE,1240.00,35.35,41.20,17.70,18.60,18.40,18.60,21291.00,134617.06,2612.86,5735500.00,2810000.00,1218.00
RELIANCE,06-Jan-2025,30-Jan-2025,CE,1430.00,0.75,0.85,0.55,0.65,0.55,0.65,210.00,1502.24,0.74,111000.00,8000.00,1218.00
RELIANCE,06-Jan-2025,30-Jan-2025,CE,1440.00,0.55,0.75,0.45,0.55,0.50,0.55,291.00,2096.04,0.84,429500.00,14500.00,1218.00
RELIANCE,06-Jan-2025,30-Jan-2025,CE,1250.00,29.65,34.75,14.40,15.05,15.15,15.05,26270.00,167261.30,3073.80,6695500.00,1338000.00,1218.00
RELIANCE,06-Jan-2025,30-Jan-2025,CE,1460.00,0.50,0.55,0.40,0.50,0.45,0.50,165.00,1204.89,0.39,332500.00,-23500.00,1218.00
RELIANCE,06-Jan-2025,30-Jan-2025,CE,1480.00,0.40,0.60,0.40,0.45,0.40,0.45,73.00,540.37,0.17,116500.00,-,1218.00
RELIANCE,06-Jan-2025,30-Jan-2025,CE,1260.00,24.45,28.90,11.50,12.05,12.10,12.05,22788.00,145843.30,2278.90,4794000.00,622000.00,1218.00
RELIANCE,06-Jan-2025,30-Jan-2025,CE,1270.00,19.05,23.80,9.10,9.55,9.70,9.55,9961.00,64046.97,794.62,1948000.00,33500.00,1218.00
RELIANCE,06-Jan-2025,30-Jan-2025,CE,1080.00,-,-,-,274.00,-,143.15,-,-,-,-,-,1218.00
RELIANCE,06-Jan-2025,30-Jan-2025,CE,1090.00,-,-,-,198.10,-,133.35,-,-,-,-,-,1218.00
RELIANCE,06-Jan-2025,30-Jan-2025,CE,1000.00,239.75,239.75,225.00,225.00,225.00,225.00,5.00,30.87,5.87,4500.00,-,1218.00
RELIANCE,06-Jan-2025,30-Jan-2025,CE,1020.00,-,-,-,331.15,-,202.55,-,-,-,-,-,1218.00
RELIANCE,06-Jan-2025,30-Jan-2025,CE,1040.00,-,-,-,181.00,182.90,182.65,-,-,-,500.00,-,1218.00
RELIANCE,06-Jan-2025,30-Jan-2025,CE,1060.00,-,-,-,292.85,-,162.80,-,-,-,-,-,1218.00
RELIANCE,06-Jan-2025,27-Feb-2025,CE,1190.00,-,-,-,67.90,67.90,63.05,-,-,-,1000.00,-,1218.00
RELIANCE,06-Jan-2025,27-Feb-2025,CE,1330.00,-,-,-,16.20,16.20,10.20,-,-,-,2000.00,-,1218.00
RELIANCE,06-Jan-2025,27-Feb-2025,CE,1520.00,2.40,2.40,1.15,1.45,1.45,1.45,659.00,5014.34,5.94,155500.00,35500.00,1218.00
RELIANCE,06-Jan-2025,27-Feb-2025,CE,1020.00,-,-,-,238.50,238.50,208.20,-,-,-,500.00,-,1218.00
RELIANCE,06-Jan-2025,27-Feb-2025,CE,1200.00,77.00,86.00,57.25,58.85,58.40,58.85,144.00,913.53,49.53,132500.00,16000.00,1218.00
RELIANCE,06-Jan-2025,27-Feb-2025,CE,1040.00,-,-,-,252.60,-,188.80,-,-,-,-,-,1218.00
RELIANCE,06-Jan-2025,27-Feb-2025,CE,1210.00,61.00,63.00,54.15,54.15,54.15,54.15,4.00,25.40,1.20,2500.00,1500.00,1218.00
RELIANCE,06-Jan-2025,27-Feb-2025,CE,1340.00,14.70,14.70,8.70,8.95,9.10,8.95,104.00,702.25,5.45,99500.00,1500.00,1218.00
RELIANCE,06-Jan-2025,27-Feb-2025,CE,1350.00,11.90,11.90,7.25,7.90,7.90,7.90,49.00,333.05,2.30,14500.00,5500.00,1218.00
RELIANCE,06-Jan-2025,27-Feb-2025,CE,1060.00,-,-,-,234.25,-,169.65,-,-,-,-,-,1218.00
RELIANCE,06-Jan-2025,27-Feb-2025,CE,1080.00,-,-,-,216.25,-,150.90,-,-,-,-,-,1218.00
RELIANCE,06-Jan-2025,27-Feb-2025,CE,1220.00,63.90,69.20,45.70,46.85,46.80,46.85,74.00,470.54,19.14,63000.00,14500.00,1218.00
RELIANCE,06-Jan-2025,27-Feb-2025,CE,1360.00,10.00,11.45,6.75,6.95,6.90,6.95,237.00,1621.61,10.01,136500.00,-10500.00,1218.00
RELIANCE,06-Jan-2025,27-Feb-2025,CE,1370.00,-,-,-,12.10,-,5.15,-,-,-,-,-,1218.00
RELIANCE,06-Jan-2025,27-Feb-2025,CE,1090.00,-,-,-,148.30,-,141.75,-,-,-,-,-,1218.00
RELIANCE,06-Jan-2025,27-Feb-2025,CE,1230.00,63.30,64.20,40.50,41.00,41.00,41.00,39.00,249.35,9.50,15000.00,9500.00,1218.00
RELIANCE,06-Jan-2025,27-Feb-2025,CE,1100.00,-,-,-,135.00,135.00,132.75,-,-,-,1000.00,-,1218.00
RELIANCE,06-Jan-2025,27-Feb-2025,CE,1240.00,51.50,57.00,35.45,36.70,37.00,36.70,180.00,1154.90,38.90,82500.00,24000.00,1218.00
RELIANCE,06-Jan-2025,27-Feb-2025,CE,1380.00,8.50,8.50,5.70,5.70,5.70,5.70,13.00,90.15,0.45,5500.00,3500.00,1218.00
RELIANCE,06-Jan-2025,27-Feb-2025,CE,1110.00,-,-,-,131.75,-,123.95,-,-,-,-,-,1218.00
RELIANCE,06-Jan-2025,27-Feb-2025,CE,1250.00,46.85,51.55,31.10,31.95,32.10,31.95,257.00,1657.09,50.84,143500.00,21000.00,1218.00
RELIANCE,06-Jan-2025,27-Feb-2025,CE,1120.00,-,-,-,170.00,170.00,115.35,-,-,-,500.00,-,1218.00
RELIANCE,06-Jan-2025,27-Feb-2025,CE,1260.00,41.05,46.05,27.40,28.35,28.00,28.35,194.00,1257.11,34.91,143000.00,19500.00,1218.00
RELIANCE,06-Jan-2025,27-Feb-2025,CE,1400.00,6.85,7.35,4.50,4.65,4.50,4.65,1006.00,7070.27,28.27,1116000.00,62500.00,1218.00
RELIANCE,06-Jan-2025,27-Feb-2025,CE,1130.00,-,-,-,116.05,-,107.00,-,-,-,-,-,1218.00
RELIANCE,06-Jan-2025,27-Feb-2025,CE,1270.00,34.80,34.80,23.75,23.80,23.75,23.80,29.00,188.28,4.13,10500.00,6000.00,1218.00
RELIANCE,06-Jan-2025,27-Feb-2025,CE,1140.00,-,-,-,165.40,-,98.90,-,-,-,-,-,1218.00
RELIANCE,06-Jan-2025,27-Feb-2025,CE,1420.00,5.50,5.50,3.65,3.65,3.65,3.65,5.00,35.61,0.11,22500.00,1500.00,1218.00
RELIANCE,06-Jan-2025,27-Feb-2025,CE,1150.00,-,-,-,101.35,-,91.05,-,-,-,-,-,1218.00
RELIANCE,06-Jan-2025,27-Feb-2025,CE,1280.00,35.40,36.05,20.50,21.05,21.20,21.05,82.00,535.02,10.22,86500.00,10000.00,1218.00
RELIANCE,06-Jan-2025,27-Feb-2025,CE,1160.00,-,-,-,95.80,95.80,83.55,-,-,-,1500.00,-,1218.00
RELIANCE,06-Jan-2025,27-Feb-2025,CE,1290.00,27.45,28.15,17.70,18.10,17.70,18.10,21.00,137.79,2.34,16000.00,5500.00,1218.00
RELIANCE,06-Jan-2025,27-Feb-2025,CE,1440.00,5.00,5.00,2.60,2.60,2.60,1.35,11.00,79.37,0.17,25000.00,-1000.00,1218.00
RELIANCE,06-Jan-2025,27-Feb-2025,CE,1300.00,24.75,27.40,15.40,15.95,15.75,15.95,1677.00,11075.13,174.63,1143000.00,148000.00,1218.00
RELIANCE,06-Jan-2025,27-Feb-2025,CE,1460.00,2.00,3.50,2.00,2.55,2.40,2.55,12.00,87.76,0.16,2000.00,2000.00,1218.00
RELIANCE,06-Jan-2025,27-Feb-2025,CE,1170.00,-,-,-,87.65,-,76.35,-,-,-,-,-,1218.00
RELIANCE,06-Jan-2025,27-Feb-2025,CE,1310.00,20.00,21.70,15.80,17.25,17.25,13.95,21.00,139.48,1.93,13000.00,5000.00,1218.00
RELIANCE,06-Jan-2025,27-Feb-2025,CE,1480.00,2.50,3.00,2.05,2.05,2.05,2.05,15.00,111.18,0.18,14500.00,500.00,1218.00
RELIANCE,06-Jan-2025,27-Feb-2025,CE,1180.00,-,-,-,117.00,117.00,69.50,-,-,-,1000.00,-,1218.00
RELIANCE,06-Jan-2025,27-Feb-2025,CE,1320.00,20.20,20.20,11.75,11.95,11.75,11.95,104.00,694.43,8.03,67000.00,6000.00,1218.00
RELIANCE,06-Jan-2025,27-Mar-2025,CE,1160.00,-,-,-,107.60,-,95.60,-,-,-,-,-,1218.00
RELIANCE,06-Jan-2025,27-Mar-2025,CE,1280.00,-,-,-,46.15,-,33.00,-,-,-,-,-,1218.00
RELIANCE,06-Jan-2025,27-Mar-2025,CE,1400.00,13.90,14.95,9.00,9.45,9.90,9.45,114.00,804.05,6.05,60000.00,6500.00,1218.00
RELIANCE,06-Jan-2025,27-Mar-2025,CE,1000.00,-,-,-,237.65,-,233.60,-,-,-,-,-,1218.00
RELIANCE,06-Jan-2025,27-Mar-2025,CE,1180.00,-,-,-,94.95,-,82.15,-,-,-,-,-,1218.00
RELIANCE,06-Jan-2025,27-Mar-2025,CE,1040.00,-,-,-,201.40,-,195.70,-,-,-,-,-,1218.00
RELIANCE,06-Jan-2025,27-Mar-2025,CE,1300.00,37.55,41.55,27.50,27.80,27.50,27.80,183.00,1219.96,30.46,75500.00,9500.00,1218.00
RELIANCE,06-Jan-2025,27-Mar-2025,CE,1440.00,7.30,14.90,7.30,12.20,8.00,12.20,9.00,65.30,0.50,6000.00,3000.00,1218.00
RELIANCE,06-Jan-2025,27-Mar-2025,CE,1200.00,95.00,95.00,76.00,76.00,76.00,69.90,19.00,122.24,8.24,20000.00,7000.00,1218.00
RELIANCE,06-Jan-2025,27-Mar-2025,CE,1320.00,-,-,-,33.05,-,21.25,-,-,-,-,-,1218.00
RELIANCE,06-Jan-2025,27-Mar-2025,CE,1080.00,-,-,-,167.25,-,159.40,-,-,-,-,-,1218.00
RELIANCE,06-Jan-2025,27-Mar-2025,CE,1340.00,-,-,-,23.00,23.00,16.80,-,-,-,1000.00,-,1218.00
RELIANCE,06-Jan-2025,27-Mar-2025,CE,1100.00,-,-,-,151.15,-,142.15,-,-,-,-,-,1218.00
RELIANCE,06-Jan-2025,27-Mar-2025,CE,1220.00,-,-,-,72.50,-,58.85,-,-,-,-,-,1218.00
RELIANCE,06-Jan-2025,27-Mar-2025,CE,1240.00,-,-,-,62.75,-,49.05,-,-,-,-,-,1218.00
RELIANCE,06-Jan-2025,27-Mar-2025,CE,1360.00,-,-,-,23.20,-,13.10,-,-,-,-,-,1218.00
RELIANCE,06-Jan-2025,27-Mar-2025,CE,1120.00,-,-,-,135.80,-,125.70,-,-,-,-,-,1218.00
RELIANCE,06-Jan-2025,27-Mar-2025,CE,1140.00,-,-,-,121.30,-,110.15,-,-,-,-,-,1218.00
RELIANCE,06-Jan-2025,27-Mar-2025,CE,1260.00,55.00,58.35,41.00,41.25,41.00,41.25,22.00,143.72,5.12,7500.00,7000.00,1218.00
RELIANCE,06-Jan-2025,27-Mar-2025,CE,1380.00,-,-,-,19.20,-,10.15,-,-,-,-,-,1218.00
RELIANCE,03-Jan-2025,27-Feb-2025,CE,1380.00,8.85,8.85,7.30,8.50,8.50,9.05,6.00,41.65,0.25,2000.00,2000.00,1251.15
RELIANCE,03-Jan-2025,27-Feb-2025,CE,1250.00,41.05,52.20,39.90,45.90,45.65,45.90,196.00,1270.46,45.46,122500.00,-6000.00,1251.15
RELIANCE,03-Jan-2025,27-Feb-2025,CE,1110.00,-,-,-,131.75,-,155.30,-,-,-,-,-,1251.15
RELIANCE,03-Jan-2025,27-Feb-2025,CE,1120.00,-,-,-,170.00,170.00,146.20,-,-,-,500.00,-,1251.15
RELIANCE,03-Jan-2025,27-Feb-2025,CE,1260.00,34.30,46.55,34.30,40.65,41.00,40.65,137.00,892.56,29.46,123500.00,-4000.00,1251.15
RELIANCE,03-Jan-2025,27-Feb-2025,CE,1400.00,5.75,7.35,5.60,6.40,6.30,6.40,866.00,6090.43,28.43,1053500.00,41000.00,1251.15
RELIANCE,03-Jan-2025,27-Feb-2025,CE,1130.00,-,-,-,116.05,-,137.25,-,-,-,-,-,1251.15
RELIANCE,03-Jan-2025,27-Feb-2025,CE,1270.00,31.50,40.95,31.50,35.10,35.65,35.10,11.00,71.88,2.03,4500.00,2500.00,1251.15
RELIANCE,03-Jan-2025,27-Feb-2025,CE,1140.00,-,-,-,165.40,-,128.45,-,-,-,-,-,1251.15
RELIANCE,03-Jan-2025,27-Feb-2025,CE,1420.00,4.50,4.50,4.50,4.50,4.50,4.65,2.00,14.25,0.05,21000.00,-,1251.15
RELIANCE,03-Jan-2025,27-Feb-2025,CE,1150.00,-,-,-,101.35,-,119.90,-,-,-,-,-,1251.15
RELIANCE,03-Jan-2025,27-Feb-2025,CE,1280.00,27.45,36.60,27.20,31.70,31.75,31.70,61.00,400.09,9.69,76500.00,7000.00,1251.15
RELIANCE,03-Jan-2025,27-Feb-2025,CE,1290.00,31.50,31.80,27.30,27.45,27.65,27.45,6.00,39.57,0.87,10500.00,1500.00,1251.15
RELIANCE,03-Jan-2025,27-Feb-2025,CE,1440.00,3.60,4.50,3.60,4.10,4.10,4.10,54.00,389.93,1.13,26000.00,16500.00,1251.15
RELIANCE,03-Jan-2025,27-Feb-2025,CE,1160.00,-,-,-,95.80,95.80,111.55,-,-,-,1500.00,-,1251.15
RELIANCE,03-Jan-2025,27-Feb-2025,CE,1300.00,22.05,28.70,20.85,24.25,23.85,24.25,1378.00,9132.23,175.23,995000.00,148500.00,1251.15
RELIANCE,03-Jan-2025,27-Feb-2025,CE,1170.00,-,-,-,87.65,-,103.50,-,-,-,-,-,1251.15
RELIANCE,03-Jan-2025,27-Feb-2025,CE,1310.00,22.00,24.35,20.85,20.90,20.90,20.90,16.00,106.64,1.84,8000.00,8000.00,1251.15
RELIANCE,03-Jan-2025,27-Feb-2025,CE,1480.00,2.60,5.00,2.50,2.50,2.50,1.55,22.00,163.15,0.35,14000.00,2000.00,1251.15
RELIANCE,03-Jan-2025,27-Feb-2025,CE,1180.00,-,-,-,117.00,117.00,95.65,-,-,-,1000.00,-,1251.15
RELIANCE,03-Jan-2025,27-Feb-2025,CE,1320.00,15.80,21.45,15.75,18.30,18.25,18.30,78.00,522.32,7.52,61000.00,7500.00,1251.15
RELIANCE,03-Jan-2025,27-Feb-2025,CE,1520.00,2.20,2.20,1.60,2.00,2.05,2.00,186.00,1415.42,1.82,120000.00,12000.00,1251.15
RELIANCE,03-Jan-2025,27-Mar-2025,CE,1160.00,-,-,-,107.60,-,122.50,-,-,-,-,-,1251.15
RELIANCE,03-Jan-2025,27-Mar-2025,CE,1280.00,-,-,-,46.15,-,48.50,-,-,-,-,-,1251.15
RELIANCE,03-Jan-2025,27-Mar-2025,CE,1400.00,13.90,15.30,11.70,12.95,13.25,12.95,61.00,430.88,3.88,53500.00,5000.00,1251.15
RELIANCE,03-Jan-2025,27-Mar-2025,CE,1000.00,-,-,-,237.65,-,266.85,-,-,-,-,-,1251.15
RELIANCE,03-Jan-2025,27-Mar-2025,CE,1180.00,-,-,-,94.95,-,107.40,-,-,-,-,-,1251.15
RELIANCE,03-Jan-2025,27-Mar-2025,CE,1040.00,-,-,-,201.40,-,228.35,-,-,-,-,-,1251.15
RELIANCE,03-Jan-2025,27-Mar-2025,CE,1300.00,36.65,42.60,35.00,37.10,36.90,37.10,65.00,435.35,12.85,66000.00,16500.00,1251.15
RELIANCE,03-Jan-2025,27-Mar-2025,CE,1440.00,10.60,10.60,7.10,9.90,9.90,8.20,4.00,28.99,0.19,3000.00,500.00,1251.15
RELIANCE,03-Jan-2025,27-Mar-2025,CE,1200.00,87.45,101.00,87.45,94.80,94.80,93.35,22.00,142.59,10.59,13000.00,-,1251.15
RELIANCE,03-Jan-2025,27-Mar-2025,CE,1320.00,-,-,-,33.05,-,32.95,-,-,-,-,-,1251.15
RELIANCE,03-Jan-2025,27-Mar-2025,CE,1080.00,-,-,-,167.25,-,190.90,-,-,-,-,-,1251.15
RELIANCE,03-Jan-2025,27-Mar-2025,CE,1340.00,-,-,-,23.00,23.00,26.75,-,-,-,1000.00,-,1251.15
RELIANCE,03-Jan-2025,27-Mar-2025,CE,1100.00,-,-,-,151.15,-,172.80,-,-,-,-,-,1251.15
RELIANCE,03-Jan-2025,27-Mar-2025,CE,1220.00,-,-,-,72.50,-,80.40,-,-,-,-,-,1251.15
RELIANCE,03-Jan-2025,27-Mar-2025,CE,1620.00,-,-,-,-,-,-,-,-,-,-,-,1251.15
RELIANCE,03-Jan-2025,27-Mar-2025,CE,1240.00,-,-,-,62.75,-,68.60,-,-,-,-,-,1251.15
RELIANCE,03-Jan-2025,27-Mar-2025,CE,1360.00,-,-,-,23.20,-,21.55,-,-,-,-,-,1251.15
RELIANCE,03-Jan-2025,27-Mar-2025,CE,1120.00,-,-,-,135.80,-,155.30,-,-,-,-,-,1251.15
RELIANCE,03-Jan-2025,27-Mar-2025,CE,1140.00,-,-,-,121.30,-,138.50,-,-,-,-,-,1251.15
RELIANCE,03-Jan-2025,27-Mar-2025,CE,1260.00,50.00,50.00,50.00,50.00,50.00,57.95,1.00,6.55,0.25,500.00,500.00,1251.15
RELIANCE,03-Jan-2025,27-Feb-2025,CE,1350.00,13.80,13.80,11.65,11.90,11.95,11.90,24.00,163.55,1.55,9000.00,9000.00,1251.15
RELIANCE,03-Jan-2025,30-Jan-2025,CE,1280.00,12.30,18.80,10.70,14.60,14.55,14.60,13380.00,86663.88,1031.88,2359500.00,65500.00,1251.15
RELIANCE,03-Jan-2025,30-Jan-2025,CE,1290.00,10.00,15.10,8.50,11.60,11.55,11.60,4919.00,32030.15,302.60,1275000.00,-39000.00,1251.15
RELIANCE,03-Jan-2025,30-Jan-2025,CE,1500.00,0.30,0.35,0.25,0.35,0.30,0.35,643.00,4823.51,1.01,3024500.00,4000.00,1251.15
RELIANCE,03-Jan-2025,30-Jan-2025,CE,1520.00,0.35,0.35,0.25,0.35,0.35,0.35,50.00,380.08,0.08,762000.00,2000.00,1251.15
RELIANCE,03-Jan-2025,30-Jan-2025,CE,1610.00,-,-,-,-,-,-,-,-,-,-,-,1251.15
RELIANCE,03-Jan-2025,30-Jan-2025,CE,1860.00,-,-,-,-,-,-,-,-,-,-,-,1251.15
RELIANCE,03-Jan-2025,30-Jan-2025,CE,1100.00,146.00,166.00,145.00,156.30,156.00,156.30,53.00,332.91,41.41,117500.00,-2500.00,1251.15
RELIANCE,03-Jan-2025,30-Jan-2025,CE,1110.00,-,-,-,120.15,120.15,147.20,-,-,-,500.00,-,1251.15
RELIANCE,03-Jan-2025,30-Jan-2025,CE,1300.00,8.90,12.25,6.85,9.25,9.30,9.25,21973.00,143909.92,1085.42,10586500.00,-141000.00,1251.15
RELIANCE,03-Jan-2025,30-Jan-2025,CE,1120.00,-,-,-,237.15,-,137.50,-,-,-,-,-,1251.15
RELIANCE,03-Jan-2025,30-Jan-2025,CE,1310.00,6.10,9.50,5.15,7.15,7.20,7.15,5394.00,35539.60,208.90,1033500.00,63500.00,1251.15
RELIANCE,03-Jan-2025,30-Jan-2025,CE,1320.00,4.40,7.45,4.10,5.55,5.60,5.55,6441.00,42702.24,191.64,1861000.00,221000.00,1251.15
RELIANCE,03-Jan-2025,30-Jan-2025,CE,1130.00,-,-,-,162.50,-,127.90,-,-,-,-,-,1251.15
RELIANCE,03-Jan-2025,30-Jan-2025,CE,1140.00,-,-,-,108.70,108.70,118.40,-,-,-,6000.00,-,1251.15
RELIANCE,03-Jan-2025,30-Jan-2025,CE,1330.00,3.35,5.80,2.90,4.30,4.10,4.30,4367.00,29138.67,98.12,1151500.00,152500.00,1251.15
RELIANCE,03-Jan-2025,30-Jan-2025,CE,1340.00,2.65,4.55,2.50,3.40,3.40,3.40,3021.00,20294.85,54.15,1240000.00,19000.00,1251.15
RELIANCE,03-Jan-2025,30-Jan-2025,CE,1150.00,94.95,117.00,94.30,108.70,107.00,108.70,306.00,1923.61,164.11,243000.00,-40500.00,1251.15
RELIANCE,03-Jan-2025,30-Jan-2025,CE,1160.00,88.00,109.00,87.20,98.20,98.20,98.20,78.00,490.81,38.41,100000.00,-10000.00,1251.15
RELIANCE,03-Jan-2025,30-Jan-2025,CE,1350.00,2.50,3.65,2.10,2.75,2.75,2.75,5375.00,36359.11,77.86,3004500.00,163500.00,1251.15
RELIANCE,03-Jan-2025,30-Jan-2025,CE,1170.00,79.20,92.50,78.50,89.60,89.60,91.10,17.00,106.79,7.34,49000.00,500.00,1251.15
RELIANCE,03-Jan-2025,30-Jan-2025,CE,1360.00,1.85,2.90,1.65,2.20,2.20,2.20,2349.00,15999.93,26.73,847500.00,208000.00,1251.15
RELIANCE,03-Jan-2025,30-Jan-2025,CE,1370.00,1.55,2.30,1.40,1.75,1.75,1.75,1026.00,7037.34,9.24,370000.00,29500.00,1251.15
RELIANCE,03-Jan-2025,30-Jan-2025,CE,1180.00,71.40,88.05,69.65,79.85,79.60,79.85,61.00,383.59,23.69,103000.00,-8500.00,1251.15
RELIANCE,03-Jan-2025,30-Jan-2025,CE,1190.00,61.80,79.25,60.65,71.70,71.35,71.70,134.00,845.35,48.05,64000.00,-4500.00,1251.15
RELIANCE,03-Jan-2025,30-Jan-2025,CE,1380.00,1.55,1.90,1.20,1.45,1.45,1.45,1742.00,12033.39,13.59,441500.00,31500.00,1251.15
RELIANCE,03-Jan-2025,30-Jan-2025,CE,1390.00,1.05,1.60,1.00,1.25,1.25,1.25,814.00,5662.80,5.50,175000.00,13500.00,1251.15
RELIANCE,03-Jan-2025,30-Jan-2025,CE,1200.00,57.55,72.00,52.65,63.00,62.50,63.00,3471.00,21914.98,1088.98,1738000.00,-155500.00,1251.15
RELIANCE,03-Jan-2025,30-Jan-2025,CE,1210.00,48.65,63.25,44.80,54.55,53.90,54.55,1106.00,6996.09,304.79,3240500.00,104500.00,1251.15
RELIANCE,03-Jan-2025,30-Jan-2025,CE,1400.00,1.00,1.45,0.90,1.05,1.10,1.05,6119.00,42867.65,34.65,5825500.00,206500.00,1251.15
RELIANCE,03-Jan-2025,30-Jan-2025,CE,1220.00,42.45,55.10,37.95,47.00,46.45,47.00,5171.00,32759.32,1216.22,2196000.00,-317000.00,1251.15
RELIANCE,03-Jan-2025,30-Jan-2025,CE,1410.00,0.90,1.15,0.80,0.90,0.85,0.90,226.00,1594.42,1.12,160000.00,11000.00,1251.15
RELIANCE,03-Jan-2025,30-Jan-2025,CE,1420.00,0.80,1.00,0.65,0.80,0.75,0.80,395.00,2806.14,1.64,418500.00,-9500.00,1251.15
RELIANCE,03-Jan-2025,30-Jan-2025,CE,1230.00,34.80,47.65,31.75,40.00,39.45,40.00,6434.00,40841.46,1272.36,1756500.00,-587500.00,1251.15
RELIANCE,03-Jan-2025,30-Jan-2025,CE,1240.00,29.70,40.45,26.15,33.45,33.05,33.45,17163.00,109236.18,2825.58,2925500.00,-574000.00,1251.15
RELIANCE,03-Jan-2025,30-Jan-2025,CE,1430.00,0.55,0.90,0.55,0.65,0.60,0.65,133.00,951.43,0.48,103000.00,25500.00,1251.15
RELIANCE,03-Jan-2025,30-Jan-2025,CE,1440.00,0.65,0.75,0.55,0.60,0.55,0.60,376.00,2708.39,1.19,415000.00,7500.00,1251.15
RELIANCE,03-Jan-2025,30-Jan-2025,CE,1250.00,23.55,33.95,21.05,27.65,27.25,27.65,27387.00,175063.27,3894.52,5357500.00,-353000.00,1251.15
RELIANCE,03-Jan-2025,30-Jan-2025,CE,1260.00,18.60,28.20,16.90,22.50,22.30,22.50,20095.00,128991.05,2392.55,4172000.00,91500.00,1251.15
RELIANCE,03-Jan-2025,30-Jan-2025,CE,1460.00,0.55,0.60,0.45,0.45,0.45,0.45,248.00,1811.00,0.60,356000.00,20000.00,1251.15
RELIANCE,03-Jan-2025,30-Jan-2025,CE,1480.00,0.40,0.45,0.40,0.45,0.45,0.45,71.00,525.55,0.15,116500.00,5000.00,1251.15
RELIANCE,03-Jan-2025,30-Jan-2025,CE,1270.00,15.00,23.20,13.50,18.20,18.00,18.20,10270.00,66197.45,982.95,1914500.00,183500.00,1251.15
RELIANCE,03-Jan-2025,30-Jan-2025,CE,1080.00,-,-,-,274.00,-,176.65,-,-,-,-,-,1251.15
RELIANCE,03-Jan-2025,30-Jan-2025,CE,1090.00,-,-,-,198.10,-,166.80,-,-,-,-,-,1251.15
RELIANCE,03-Jan-2025,30-Jan-2025,CE,1000.00,-,-,-,229.00,229.00,256.15,-,-,-,4500.00,-,1251.15
RELIANCE,03-Jan-2025,30-Jan-2025,CE,1020.00,-,-,-,331.15,-,236.25,-,-,-,-,-,1251.15
RELIANCE,03-Jan-2025,30-Jan-2025,CE,1040.00,-,-,-,181.00,182.90,216.35,-,-,-,500.00,-,1251.15
RELIANCE,03-Jan-2025,30-Jan-2025,CE,1060.00,-,-,-,292.85,-,196.50,-,-,-,-,-,1251.15
RELIANCE,03-Jan-2025,27-Feb-2025,CE,1190.00,-,-,-,67.90,67.90,88.15,-,-,-,1000.00,-,1251.15
RELIANCE,03-Jan-2025,27-Feb-2025,CE,1330.00,18.50,18.50,16.00,16.20,16.20,18.90,4.00,26.94,0.34,2000.00,2000.00,1251.15
RELIANCE,03-Jan-2025,27-Feb-2025,CE,1610.00,-,-,-,-,-,-,-,-,-,-,-,1251.15
RELIANCE,03-Jan-2025,27-Feb-2025,CE,1860.00,-,-,-,-,-,-,-,-,-,-,-,1251.15
RELIANCE,03-Jan-2025,27-Feb-2025,CE,1020.00,-,-,-,238.50,238.50,241.65,-,-,-,500.00,-,1251.15
RELIANCE,03-Jan-2025,27-Feb-2025,CE,1200.00,70.00,86.90,70.00,78.60,78.25,78.60,218.00,1391.77,83.77,116500.00,-19500.00,1251.15
RELIANCE,03-Jan-2025,27-Feb-2025,CE,1340.00,12.05,16.30,11.55,13.65,13.65,13.65,79.00,535.01,5.71,98000.00,1000.00,1251.15
RELIANCE,03-Jan-2025,27-Feb-2025,CE,1040.00,-,-,-,252.60,-,222.05,-,-,-,-,-,1251.15
RELIANCE,03-Jan-2025,27-Feb-2025,CE,1210.00,74.40,74.40,74.40,74.40,74.40,74.05,1.00,6.42,0.37,1000.00,-,1251.15
RELIANCE,03-Jan-2025,27-Feb-2025,CE,1060.00,-,-,-,234.25,-,202.65,-,-,-,-,-,1251.15
RELIANCE,03-Jan-2025,27-Feb-2025,CE,1220.00,57.75,71.55,56.35,64.35,64.35,64.35,85.00,545.90,27.40,48500.00,-4500.00,1251.15
RELIANCE,03-Jan-2025,27-Feb-2025,CE,1360.00,9.40,12.10,8.95,10.25,10.15,10.25,94.00,644.27,5.07,147000.00,17500.00,1251.15
RELIANCE,03-Jan-2025,27-Feb-2025,CE,1080.00,-,-,-,216.25,-,183.40,-,-,-,-,-,1251.15
RELIANCE,03-Jan-2025,27-Feb-2025,CE,1090.00,-,-,-,148.30,-,173.95,-,-,-,-,-,1251.15
RELIANCE,03-Jan-2025,27-Feb-2025,CE,1230.00,60.00,62.50,50.75,57.60,56.80,57.60,18.00,115.83,5.13,5500.00,-500.00,1251.15
RELIANCE,03-Jan-2025,27-Feb-2025,CE,1100.00,-,-,-,135.00,135.00,164.55,-,-,-,1000.00,-,1251.15
RELIANCE,03-Jan-2025,27-Feb-2025,CE,1240.00,45.45,58.25,44.85,51.90,52.05,51.90,184.00,1189.27,48.47,58500.00,-7000.00,1251.15
RELIANCE,02-Jan-2025,27-Feb-2025,CE,1100.00,-,-,-,135.00,135.00,156.05,-,-,-,1000.00,-,1241.80
RELIANCE,02-Jan-2025,27-Feb-2025,CE,1240.00,40.50,49.90,38.50,47.85,47.15,47.85,117.00,750.89,25.49,65500.00,9000.00,1241.80
RELIANCE,02-Jan-2025,27-Feb-2025,CE,1250.00,36.95,44.35,33.50,42.15,42.10,42.15,520.00,3344.81,94.81,128500.00,-91000.00,1241.80
RELIANCE,02-Jan-2025,27-Feb-2025,CE,1130.00,-,-,-,116.05,-,129.20,-,-,-,-,-,1241.80
RELIANCE,02-Jan-2025,27-Feb-2025,CE,1270.00,30.00,30.10,30.00,30.00,30.00,36.25,4.00,26.00,0.60,2000.00,500.00,1241.80
RELIANCE,02-Jan-2025,27-Feb-2025,CE,1140.00,-,-,-,165.40,-,120.60,-,-,-,-,-,1241.80
RELIANCE,02-Jan-2025,27-Feb-2025,CE,1420.00,4.45,4.75,4.45,4.50,4.45,4.50,43.00,306.27,0.97,21000.00,21000.00,1241.80
RELIANCE,02-Jan-2025,27-Feb-2025,CE,1150.00,-,-,-,101.35,-,112.25,-,-,-,-,-,1241.80
RELIANCE,02-Jan-2025,27-Feb-2025,CE,1280.00,24.85,30.00,23.00,28.95,28.50,28.95,95.00,620.26,12.26,69500.00,11500.00,1241.80
RELIANCE,02-Jan-2025,27-Feb-2025,CE,1440.00,3.00,3.60,2.90,3.35,3.40,3.35,19.00,137.12,0.32,9500.00,6000.00,1241.80
RELIANCE,02-Jan-2025,27-Feb-2025,CE,1290.00,21.70,25.20,21.50,25.00,25.00,25.00,19.00,124.76,2.21,9000.00,9000.00,1241.80
RELIANCE,02-Jan-2025,27-Feb-2025,CE,1300.00,18.25,23.90,17.40,22.50,22.00,22.50,1069.00,7057.31,108.81,846500.00,-4500.00,1241.80
RELIANCE,02-Jan-2025,27-Feb-2025,CE,1170.00,-,-,-,87.65,-,96.35,-,-,-,-,-,1241.80
RELIANCE,02-Jan-2025,27-Feb-2025,CE,1310.00,-,-,-,24.25,-,22.05,-,-,-,-,-,1241.80
RELIANCE,02-Jan-2025,27-Feb-2025,CE,1180.00,-,-,-,117.00,117.00,88.80,-,-,-,1000.00,-,1241.80
RELIANCE,02-Jan-2025,27-Feb-2025,CE,1160.00,-,-,-,95.80,95.80,104.20,-,-,-,1500.00,-,1241.80
RELIANCE,02-Jan-2025,27-Feb-2025,CE,1480.00,2.10,2.40,2.10,2.40,2.40,1.30,18.00,133.41,0.21,12000.00,9000.00,1241.80
RELIANCE,02-Jan-2025,27-Feb-2025,CE,1520.00,1.65,2.35,1.55,2.00,2.00,2.00,120.00,913.10,1.10,108000.00,3000.00,1241.80
RELIANCE,02-Jan-2025,27-Mar-2025,CE,1160.00,-,-,-,107.60,-,115.40,-,-,-,-,-,1241.80
RELIANCE,02-Jan-2025,27-Mar-2025,CE,1280.00,-,-,-,46.15,-,44.50,-,-,-,-,-,1241.80
RELIANCE,02-Jan-2025,27-Mar-2025,CE,1400.00,10.50,13.80,10.50,12.75,12.00,12.75,23.00,162.43,1.43,48500.00,6000.00,1241.80
RELIANCE,02-Jan-2025,27-Mar-2025,CE,1000.00,-,-,-,237.65,-,257.85,-,-,-,-,-,1241.80
RELIANCE,02-Jan-2025,27-Mar-2025,CE,1180.00,-,-,-,94.95,-,100.75,-,-,-,-,-,1241.80
RELIANCE,02-Jan-2025,27-Mar-2025,CE,1040.00,-,-,-,201.40,-,219.50,-,-,-,-,-,1241.80
RELIANCE,02-Jan-2025,27-Mar-2025,CE,1300.00,34.05,37.80,32.15,37.35,37.35,37.35,57.00,380.48,9.98,49500.00,9000.00,1241.80
RELIANCE,02-Jan-2025,27-Mar-2025,CE,1440.00,10.60,10.60,10.60,10.60,10.60,7.25,1.00,7.25,0.05,2500.00,500.00,1241.80
RELIANCE,02-Jan-2025,27-Mar-2025,CE,1200.00,89.75,90.00,88.00,89.50,89.00,89.50,8.00,51.56,3.56,13000.00,2500.00,1241.80
RELIANCE,02-Jan-2025,27-Mar-2025,CE,1320.00,-,-,-,33.05,-,30.00,-,-,-,-,-,1241.80
RELIANCE,02-Jan-2025,27-Mar-2025,CE,1080.00,-,-,-,167.25,-,182.45,-,-,-,-,-,1241.80
RELIANCE,02-Jan-2025,27-Mar-2025,CE,1340.00,-,-,-,23.00,23.00,24.25,-,-,-,1000.00,-,1241.80
RELIANCE,02-Jan-2025,27-Mar-2025,CE,1100.00,-,-,-,151.15,-,164.60,-,-,-,-,-,1241.80
RELIANCE,02-Jan-2025,27-Mar-2025,CE,1220.00,-,-,-,72.50,-,74.80,-,-,-,-,-,1241.80
RELIANCE,02-Jan-2025,27-Mar-2025,CE,1240.00,-,-,-,62.75,-,63.50,-,-,-,-,-,1241.80
RELIANCE,02-Jan-2025,27-Mar-2025,CE,1360.00,-,-,-,23.20,-,19.45,-,-,-,-,-,1241.80
RELIANCE,02-Jan-2025,27-Mar-2025,CE,1120.00,-,-,-,135.80,-,147.40,-,-,-,-,-,1241.80
RELIANCE,02-Jan-2025,27-Mar-2025,CE,1140.00,-,-,-,121.30,-,130.95,-,-,-,-,-,1241.80
RELIANCE,02-Jan-2025,27-Mar-2025,CE,1260.00,-,-,-,53.95,-,53.45,-,-,-,-,-,1241.80
RELIANCE,02-Jan-2025,30-Jan-2025,CE,1280.00,8.30,13.75,8.30,12.50,12.05,12.50,7163.00,46238.98,395.78,2294000.00,262500.00,1241.80
RELIANCE,02-Jan-2025,30-Jan-2025,CE,1290.00,7.25,10.95,6.60,10.00,9.55,10.00,3491.00,22668.94,151.99,1314000.00,171000.00,1241.80
RELIANCE,02-Jan-2025,30-Jan-2025,CE,1500.00,0.30,0.35,0.25,0.35,0.30,0.35,562.00,4215.82,0.82,3020500.00,-16000.00,1241.80
RELIANCE,02-Jan-2025,30-Jan-2025,CE,1520.00,0.25,0.35,0.25,0.30,0.30,0.30,80.00,608.13,0.13,760000.00,8500.00,1241.80
RELIANCE,02-Jan-2025,30-Jan-2025,CE,1100.00,134.00,152.00,130.00,148.05,148.00,148.05,153.00,947.72,106.22,120000.00,7000.00,1241.80
RELIANCE,02-Jan-2025,30-Jan-2025,CE,1110.00,-,-,-,120.15,120.15,138.30,-,-,-,500.00,-,1241.80
RELIANCE,02-Jan-2025,30-Jan-2025,CE,1300.00,5.50,8.80,5.40,7.95,7.70,7.95,15906.00,103948.67,559.67,10727500.00,543500.00,1241.80
RELIANCE,02-Jan-2025,30-Jan-2025,CE,1310.00,4.65,6.75,4.10,6.20,6.00,6.20,3483.00,22906.71,93.06,970000.00,63500.00,1241.80
RELIANCE,02-Jan-2025,30-Jan-2025,CE,1120.00,-,-,-,237.15,-,128.75,-,-,-,-,-,1241.80
RELIANCE,02-Jan-2025,30-Jan-2025,CE,1320.00,3.45,5.25,3.20,4.90,4.60,4.90,3778.00,25014.88,80.08,1640000.00,59500.00,1241.80
RELIANCE,02-Jan-2025,30-Jan-2025,CE,1130.00,-,-,-,162.50,-,119.25,-,-,-,-,-,1241.80
RELIANCE,02-Jan-2025,30-Jan-2025,CE,1140.00,101.00,109.50,101.00,108.70,108.70,108.70,8.00,49.87,4.27,6000.00,-500.00,1241.80
RELIANCE,02-Jan-2025,30-Jan-2025,CE,1330.00,2.65,4.05,2.55,3.75,3.60,3.75,2213.00,14752.39,35.94,999000.00,140500.00,1241.80
RELIANCE,02-Jan-2025,30-Jan-2025,CE,1340.00,2.00,3.15,1.95,2.90,2.80,2.90,1664.00,11170.05,21.25,1221000.00,42000.00,1241.80
RELIANCE,02-Jan-2025,30-Jan-2025,CE,1150.00,86.00,104.05,84.80,100.75,99.75,100.75,374.00,2328.96,178.46,283500.00,-88000.00,1241.80
RELIANCE,02-Jan-2025,30-Jan-2025,CE,1160.00,78.70,94.00,76.10,91.55,91.00,91.55,130.00,809.23,55.23,110000.00,-,1241.80
RELIANCE,02-Jan-2025,30-Jan-2025,CE,1350.00,1.70,2.60,1.70,2.35,2.25,2.35,2653.00,17936.00,28.25,2841000.00,23500.00,1241.80
RELIANCE,02-Jan-2025,30-Jan-2025,CE,1170.00,72.55,86.05,68.00,82.50,81.60,82.50,94.00,585.39,35.49,48500.00,500.00,1241.80
RELIANCE,02-Jan-2025,30-Jan-2025,CE,1180.00,59.30,77.50,59.30,74.25,72.80,74.25,243.00,1516.46,82.76,111500.00,-51500.00,1241.80
RELIANCE,02-Jan-2025,30-Jan-2025,CE,1360.00,1.35,2.05,1.35,1.90,1.85,1.90,1333.00,9075.80,11.40,639500.00,4000.00,1241.80
RELIANCE,02-Jan-2025,30-Jan-2025,CE,1370.00,1.15,1.65,1.10,1.55,1.50,1.55,881.00,6041.01,6.16,340500.00,-29500.00,1241.80
RELIANCE,02-Jan-2025,30-Jan-2025,CE,1190.00,53.70,68.60,51.35,65.95,65.15,65.95,204.00,1273.33,59.53,68500.00,-18000.00,1241.80
RELIANCE,02-Jan-2025,30-Jan-2025,CE,1380.00,1.10,1.50,1.00,1.40,1.35,1.40,437.00,3018.06,2.76,410000.00,-49000.00,1241.80
RELIANCE,02-Jan-2025,30-Jan-2025,CE,1390.00,0.95,1.25,0.90,1.20,1.10,1.20,220.00,1530.19,1.19,161500.00,19000.00,1241.80
RELIANCE,02-Jan-2025,30-Jan-2025,CE,1200.00,46.00,61.20,44.50,57.60,56.55,57.60,5270.00,32979.64,1359.64,1893500.00,-210500.00,1241.80
RELIANCE,02-Jan-2025,30-Jan-2025,CE,1210.00,39.05,52.80,37.25,49.90,48.50,49.90,3269.00,20508.60,731.15,3136000.00,-14500.00,1241.80
RELIANCE,02-Jan-2025,30-Jan-2025,CE,1400.00,0.80,1.05,0.75,1.00,0.95,1.00,3401.00,23822.01,15.01,5619000.00,-145500.00,1241.80
RELIANCE,02-Jan-2025,30-Jan-2025,CE,1220.00,35.05,45.60,31.50,42.40,41.35,42.40,13552.00,85211.93,2544.73,2513000.00,-1113000.00,1241.80
RELIANCE,02-Jan-2025,30-Jan-2025,CE,1410.00,0.70,1.00,0.65,0.95,0.90,0.95,93.00,656.04,0.39,149000.00,-4000.00,1241.80
RELIANCE,02-Jan-2025,30-Jan-2025,CE,1420.00,0.80,0.90,0.60,0.75,0.80,0.75,277.00,1967.75,1.05,428000.00,60000.00,1241.80
RELIANCE,02-Jan-2025,30-Jan-2025,CE,1230.00,26.55,38.80,25.85,35.70,34.80,35.70,21635.00,136533.82,3478.57,2344000.00,-461500.00,1241.80
RELIANCE,02-Jan-2025,30-Jan-2025,CE,1240.00,21.75,32.50,21.00,29.65,28.85,29.65,18883.00,119596.11,2521.51,3499500.00,-423000.00,1241.80
RELIANCE,02-Jan-2025,30-Jan-2025,CE,1430.00,0.60,0.70,0.60,0.65,0.65,0.65,106.00,758.24,0.34,77500.00,24000.00,1241.80
RELIANCE,02-Jan-2025,30-Jan-2025,CE,1440.00,0.55,0.65,0.50,0.60,0.65,0.60,119.00,857.15,0.35,407500.00,19000.00,1241.80
RELIANCE,02-Jan-2025,30-Jan-2025,CE,1250.00,18.05,26.50,16.80,24.20,23.55,24.20,17125.00,108884.43,1853.18,5710500.00,-596500.00,1241.80
RELIANCE,02-Jan-2025,30-Jan-2025,CE,1260.00,13.50,21.55,13.40,19.55,18.90,19.55,9997.00,63844.48,863.38,4080500.00,-108000.00,1241.80
RELIANCE,02-Jan-2025,30-Jan-2025,CE,1460.00,0.45,0.70,0.45,0.55,0.50,0.55,87.00,635.32,0.22,336000.00,-18000.00,1241.80
RELIANCE,02-Jan-2025,30-Jan-2025,CE,1480.00,0.40,0.45,0.35,0.40,0.40,0.40,54.00,399.70,0.10,111500.00,20500.00,1241.80
RELIANCE,02-Jan-2025,30-Jan-2025,CE,1270.00,11.00,17.25,10.45,15.70,15.05,15.70,5344.00,34308.08,373.68,1731000.00,11500.00,1241.80
RELIANCE,02-Jan-2025,30-Jan-2025,CE,1080.00,-,-,-,274.00,-,167.60,-,-,-,-,-,1241.80
RELIANCE,02-Jan-2025,30-Jan-2025,CE,1090.00,-,-,-,198.10,-,157.80,-,-,-,-,-,1241.80
RELIANCE,02-Jan-2025,30-Jan-2025,CE,1000.00,229.00,229.00,229.00,229.00,229.00,246.95,1.00,6.15,1.15,4500.00,-500.00,1241.80
RELIANCE,02-Jan-2025,30-Jan-2025,CE,1020.00,-,-,-,331.15,-,227.10,-,-,-,-,-,1241.80
RELIANCE,02-Jan-2025,30-Jan-2025,CE,1040.00,-,-,-,181.00,182.90,207.20,-,-,-,500.00,-,1241.80
RELIANCE,02-Jan-2025,30-Jan-2025,CE,1060.00,-,-,-,292.85,-,187.35,-,-,-,-,-,1241.80
RELIANCE,02-Jan-2025,27-Feb-2025,CE,1190.00,67.90,67.90,67.90,67.90,67.90,81.60,1.00,6.29,0.34,1000.00,-,1241.80
RELIANCE,02-Jan-2025,27-Feb-2025,CE,1340.00,10.00,13.10,9.50,12.45,12.05,12.45,84.00,567.61,4.81,97000.00,14000.00,1241.80
RELIANCE,02-Jan-2025,27-Feb-2025,CE,1060.00,-,-,-,234.25,-,193.70,-,-,-,-,-,1241.80
RELIANCE,02-Jan-2025,27-Feb-2025,CE,1220.00,51.10,62.50,49.05,59.30,58.75,59.30,125.00,797.03,34.53,53000.00,-5500.00,1241.80
RELIANCE,02-Jan-2025,27-Feb-2025,CE,1360.00,7.65,9.85,7.20,9.25,9.05,9.25,128.00,876.24,5.84,129500.00,29000.00,1241.80
RELIANCE,02-Jan-2025,27-Feb-2025,CE,1110.00,-,-,-,131.75,-,146.90,-,-,-,-,-,1241.80
RELIANCE,02-Jan-2025,27-Feb-2025,CE,1120.00,-,-,-,170.00,170.00,137.95,-,-,-,500.00,-,1241.80
RELIANCE,02-Jan-2025,27-Feb-2025,CE,1260.00,30.55,38.75,29.55,37.25,36.50,37.25,75.00,485.66,13.16,127500.00,-2000.00,1241.80
RELIANCE,02-Jan-2025,27-Feb-2025,CE,1400.00,4.95,6.20,4.70,5.95,5.90,5.95,521.00,3661.59,14.59,1012500.00,104000.00,1241.80
RELIANCE,02-Jan-2025,27-Feb-2025,CE,1320.00,14.00,17.40,12.85,16.65,16.15,16.65,57.00,380.42,4.22,53500.00,5000.00,1241.80
RELIANCE,02-Jan-2025,27-Feb-2025,CE,1330.00,-,-,-,19.50,-,16.75,-,-,-,-,-,1241.80
RELIANCE,02-Jan-2025,27-Feb-2025,CE,1200.00,64.95,75.00,61.60,73.50,73.40,73.50,218.00,1382.99,74.99,136000.00,10500.00,1241.80
RELIANCE,02-Jan-2025,27-Feb-2025,CE,1020.00,238.50,238.50,238.50,238.50,238.50,232.60,1.00,6.29,1.19,500.00,500.00,1241.80
RELIANCE,02-Jan-2025,27-Feb-2025,CE,1040.00,-,-,-,252.60,-,213.05,-,-,-,-,-,1241.80
RELIANCE,02-Jan-2025,27-Feb-2025,CE,1210.00,68.10,69.10,66.20,66.20,66.20,66.20,3.00,19.17,1.02,1000.00,1000.00,1241.80
RELIANCE,02-Jan-2025,27-Feb-2025,CE,1080.00,-,-,-,216.25,-,174.65,-,-,-,-,-,1241.80
RELIANCE,02-Jan-2025,27-Feb-2025,CE,1090.00,-,-,-,148.30,-,165.30,-,-,-,-,-,1241.80
RELIANCE,02-Jan-2025,27-Feb-2025,CE,1230.00,45.50,54.00,43.50,52.80,52.80,52.80,59.00,377.85,15.00,6000.00,-500.00,1241.80
RELIANCE,02-Jan-2025,27-Feb-2025,CE,1380.00,-,-,-,34.80,-,7.90,-,-,-,-,-,1241.80
RELIANCE,01-Jan-2025,27-Feb-2025,CE,1090.00,-,-,-,148.30,-,146.25,-,-,-,-,-,1221.25
RELIANCE,01-Jan-2025,27-Feb-2025,CE,1230.00,41.80,45.50,41.55,45.50,45.50,44.80,12.00,76.40,2.60,6500.00,2000.00,1221.25
RELIANCE,01-Jan-2025,27-Feb-2025,CE,1380.00,-,-,-,34.80,-,5.50,-,-,-,-,-,1221.25
RELIANCE,01-Jan-2025,27-Feb-2025,CE,1100.00,-,-,-,135.00,135.00,137.30,-,-,-,1000.00,-,1221.25
RELIANCE,01-Jan-2025,27-Feb-2025,CE,1240.00,36.30,40.00,35.40,38.50,38.50,38.50,35.00,223.69,6.69,56500.00,4000.00,1221.25
RELIANCE,01-Jan-2025,27-Feb-2025,CE,1250.00,31.75,35.00,31.75,34.25,34.50,34.25,59.00,378.50,9.75,219500.00,4000.00,1221.25
RELIANCE,01-Jan-2025,27-Feb-2025,CE,1130.00,-,-,-,116.05,-,111.55,-,-,-,-,-,1221.25
RELIANCE,01-Jan-2025,27-Feb-2025,CE,1270.00,25.60,25.60,25.60,25.60,25.60,27.95,1.00,6.48,0.13,1500.00,500.00,1221.25
RELIANCE,01-Jan-2025,27-Feb-2025,CE,1420.00,-,-,-,24.90,-,2.70,-,-,-,-,-,1221.25
RELIANCE,01-Jan-2025,27-Feb-2025,CE,1140.00,-,-,-,165.40,-,103.45,-,-,-,-,-,1221.25
RELIANCE,01-Jan-2025,27-Feb-2025,CE,1150.00,-,-,-,101.35,-,95.65,-,-,-,-,-,1221.25
RELIANCE,01-Jan-2025,27-Feb-2025,CE,1290.00,-,-,-,30.00,-,21.55,-,-,-,-,-,1221.25
RELIANCE,01-Jan-2025,27-Feb-2025,CE,1440.00,3.00,3.00,3.00,3.00,3.00,1.85,1.00,7.22,0.02,3500.00,500.00,1221.25
RELIANCE,01-Jan-2025,27-Feb-2025,CE,1300.00,16.65,18.35,16.00,17.60,17.85,17.60,366.00,2410.49,31.49,851000.00,14500.00,1221.25
RELIANCE,01-Jan-2025,27-Feb-2025,CE,1480.00,-,-,-,2.45,2.45,0.85,-,-,-,3000.00,-,1221.25
RELIANCE,01-Jan-2025,27-Feb-2025,CE,1170.00,-,-,-,87.65,-,80.90,-,-,-,-,-,1221.25
RELIANCE,01-Jan-2025,27-Feb-2025,CE,1310.00,-,-,-,24.25,-,16.35,-,-,-,-,-,1221.25
RELIANCE,01-Jan-2025,27-Feb-2025,CE,1180.00,-,-,-,117.00,117.00,74.00,-,-,-,1000.00,-,1221.25
RELIANCE,01-Jan-2025,27-Feb-2025,CE,1320.00,12.75,13.20,11.85,13.10,13.20,13.10,36.00,239.85,2.25,48500.00,9000.00,1221.25
RELIANCE,01-Jan-2025,27-Mar-2025,CE,1160.00,-,-,-,107.60,-,99.80,-,-,-,-,-,1221.25
RELIANCE,01-Jan-2025,27-Mar-2025,CE,1400.00,10.15,11.00,10.15,10.80,10.80,10.80,22.00,155.17,1.17,42500.00,4000.00,1221.25
RELIANCE,01-Jan-2025,27-Mar-2025,CE,1000.00,-,-,-,237.65,-,237.80,-,-,-,-,-,1221.25
RELIANCE,01-Jan-2025,27-Mar-2025,CE,1180.00,-,-,-,94.95,-,86.20,-,-,-,-,-,1221.25
RELIANCE,01-Jan-2025,27-Mar-2025,CE,1040.00,-,-,-,201.40,-,199.95,-,-,-,-,-,1221.25
RELIANCE,01-Jan-2025,27-Mar-2025,CE,1300.00,30.00,31.00,28.20,31.00,31.00,31.00,18.00,119.69,2.69,40500.00,3500.00,1221.25
RELIANCE,01-Jan-2025,27-Mar-2025,CE,1440.00,9.00,9.00,7.60,7.60,7.60,7.60,2.00,14.48,0.08,2000.00,500.00,1221.25
RELIANCE,01-Jan-2025,27-Mar-2025,CE,1200.00,73.80,76.55,73.00,76.00,76.00,73.80,7.00,44.61,2.61,10500.00,1500.00,1221.25
RELIANCE,01-Jan-2025,27-Mar-2025,CE,1320.00,-,-,-,33.05,-,23.55,-,-,-,-,-,1221.25
RELIANCE,01-Jan-2025,27-Mar-2025,CE,1080.00,-,-,-,167.25,-,163.75,-,-,-,-,-,1221.25
RELIANCE,01-Jan-2025,27-Mar-2025,CE,1340.00,-,-,-,23.00,23.00,18.80,-,-,-,1000.00,-,1221.25
RELIANCE,01-Jan-2025,27-Mar-2025,CE,1100.00,-,-,-,151.15,-,146.50,-,-,-,-,-,1221.25
RELIANCE,01-Jan-2025,27-Mar-2025,CE,1220.00,-,-,-,72.50,-,62.55,-,-,-,-,-,1221.25
RELIANCE,01-Jan-2025,27-Mar-2025,CE,1240.00,-,-,-,62.75,-,52.50,-,-,-,-,-,1221.25
RELIANCE,01-Jan-2025,27-Mar-2025,CE,1360.00,-,-,-,23.20,-,14.90,-,-,-,-,-,1221.25
RELIANCE,01-Jan-2025,27-Mar-2025,CE,1120.00,-,-,-,135.80,-,130.00,-,-,-,-,-,1221.25
RELIANCE,01-Jan-2025,27-Mar-2025,CE,1140.00,-,-,-,121.30,-,114.40,-,-,-,-,-,1221.25
RELIANCE,01-Jan-2025,27-Mar-2025,CE,1260.00,-,-,-,53.95,-,43.65,-,-,-,-,-,1221.25
RELIANCE,01-Jan-2025,30-Jan-2025,CE,1280.00,7.95,9.05,7.35,8.30,8.45,8.30,2971.00,19134.81,120.41,2031500.00,25500.00,1221.25
RELIANCE,01-Jan-2025,30-Jan-2025,CE,1290.00,6.30,7.15,5.80,6.50,6.70,6.50,1741.00,11285.26,55.81,1143000.00,81500.00,1221.25
RELIANCE,01-Jan-2025,30-Jan-2025,CE,1520.00,0.30,0.35,0.30,0.30,0.30,0.05,36.00,273.65,0.05,751500.00,-3500.00,1221.25
RELIANCE,01-Jan-2025,30-Jan-2025,CE,1480.00,0.45,0.45,0.45,0.45,0.45,0.05,1.00,7.40,-,91000.00,-500.00,1221.25
RELIANCE,01-Jan-2025,30-Jan-2025,CE,1500.00,0.30,0.30,0.25,0.30,0.30,0.30,444.00,3330.60,0.60,3036500.00,4500.00,1221.25
RELIANCE,01-Jan-2025,30-Jan-2025,CE,1100.00,125.00,133.75,124.50,131.50,131.50,131.50,45.00,276.63,29.13,113000.00,-2000.00,1221.25
RELIANCE,01-Jan-2025,30-Jan-2025,CE,1310.00,3.90,4.40,3.55,4.00,4.05,4.00,1419.00,9322.54,28.09,906500.00,58500.00,1221.25
RELIANCE,01-Jan-2025,30-Jan-2025,CE,1300.00,5.60,5.80,4.70,5.25,5.40,5.25,7255.00,47346.73,189.23,10184000.00,540000.00,1221.25
RELIANCE,01-Jan-2025,30-Jan-2025,CE,1110.00,119.35,120.15,117.10,120.15,120.15,118.85,3.00,18.43,1.78,500.00,-,1221.25
RELIANCE,01-Jan-2025,30-Jan-2025,CE,1120.00,-,-,-,237.15,-,109.55,-,-,-,-,-,1221.25
RELIANCE,01-Jan-2025,30-Jan-2025,CE,1320.00,3.30,3.40,2.80,3.10,3.15,3.10,1601.00,10591.14,24.54,1580500.00,26500.00,1221.25
RELIANCE,01-Jan-2025,30-Jan-2025,CE,1130.00,-,-,-,162.50,-,100.45,-,-,-,-,-,1221.25
RELIANCE,01-Jan-2025,30-Jan-2025,CE,1140.00,92.00,92.00,92.00,92.00,92.00,91.60,4.00,24.64,1.84,6500.00,1000.00,1221.25
RELIANCE,01-Jan-2025,30-Jan-2025,CE,1330.00,2.50,2.65,2.20,2.40,2.50,2.40,1011.00,6735.04,11.89,858500.00,56000.00,1221.25
RELIANCE,01-Jan-2025,30-Jan-2025,CE,1340.00,1.95,2.15,1.75,1.90,1.95,1.90,840.00,5636.05,8.05,1179000.00,66000.00,1221.25
RELIANCE,01-Jan-2025,30-Jan-2025,CE,1160.00,70.00,78.45,69.95,76.55,76.70,76.55,195.00,1204.74,73.74,110000.00,25500.00,1221.25
RELIANCE,01-Jan-2025,30-Jan-2025,CE,1150.00,79.15,87.45,77.35,84.95,85.45,84.95,416.00,2561.72,169.72,371500.00,4500.00,1221.25
RELIANCE,01-Jan-2025,30-Jan-2025,CE,1350.00,1.65,1.80,1.55,1.65,1.65,1.65,1470.00,9934.65,12.15,2817500.00,90000.00,1221.25
RELIANCE,01-Jan-2025,30-Jan-2025,CE,1170.00,62.45,70.65,60.80,67.55,68.05,67.55,86.00,531.26,28.16,48000.00,7000.00,1221.25
RELIANCE,01-Jan-2025,30-Jan-2025,CE,1180.00,54.70,61.65,53.25,59.30,59.90,59.30,408.00,2523.87,116.67,163000.00,-23000.00,1221.25
RELIANCE,01-Jan-2025,30-Jan-2025,CE,1360.00,1.35,1.40,1.25,1.30,1.35,1.30,453.00,3083.45,3.05,635500.00,4500.00,1221.25
RELIANCE,01-Jan-2025,30-Jan-2025,CE,1370.00,1.20,1.20,1.00,1.10,1.10,1.10,279.00,1912.65,1.50,370000.00,48000.00,1221.25
RELIANCE,01-Jan-2025,30-Jan-2025,CE,1190.00,47.65,54.55,46.00,51.55,52.05,51.55,233.00,1443.48,57.13,86500.00,-7000.00,1221.25
RELIANCE,01-Jan-2025,30-Jan-2025,CE,1380.00,0.95,1.30,0.90,1.05,1.05,1.05,314.00,2168.24,1.64,459000.00,30500.00,1221.25
RELIANCE,01-Jan-2025,30-Jan-2025,CE,1390.00,0.90,0.95,0.80,0.85,0.85,0.85,107.00,744.12,0.47,142500.00,13500.00,1221.25
RELIANCE,01-Jan-2025,30-Jan-2025,CE,1200.00,40.45,47.25,39.10,44.40,44.95,44.40,4269.00,26541.49,927.49,2104000.00,-179000.00,1221.25
RELIANCE,01-Jan-2025,30-Jan-2025,CE,1210.00,35.05,40.00,32.75,37.45,38.00,37.45,5339.00,33256.25,955.30,3150500.00,430500.00,1221.25
RELIANCE,01-Jan-2025,30-Jan-2025,CE,1400.00,0.80,0.85,0.75,0.80,0.75,0.80,1517.00,10624.92,5.92,5764500.00,2000.00,1221.25
RELIANCE,01-Jan-2025,30-Jan-2025,CE,1220.00,29.40,33.70,27.50,31.50,32.00,31.50,11448.00,71596.15,1763.35,3626000.00,-227500.00,1221.25
RELIANCE,01-Jan-2025,30-Jan-2025,CE,1410.00,0.70,0.75,0.60,0.70,0.70,0.70,92.00,648.92,0.32,153000.00,11500.00,1221.25
RELIANCE,01-Jan-2025,30-Jan-2025,CE,1420.00,0.70,0.75,0.60,0.65,0.70,0.65,21.00,149.17,0.07,368000.00,-1000.00,1221.25
RELIANCE,01-Jan-2025,30-Jan-2025,CE,1440.00,0.50,0.55,0.45,0.50,0.50,0.50,63.00,453.76,0.16,388500.00,11000.00,1221.25
RELIANCE,01-Jan-2025,30-Jan-2025,CE,1230.00,23.70,28.00,22.75,26.05,26.40,26.05,5955.00,37387.90,764.65,2805500.00,116500.00,1221.25
RELIANCE,01-Jan-2025,30-Jan-2025,CE,1240.00,19.50,22.85,18.45,21.15,21.50,21.15,9466.00,59665.07,975.87,3922500.00,293000.00,1221.25
RELIANCE,01-Jan-2025,30-Jan-2025,CE,1430.00,0.55,0.65,0.55,0.65,0.65,0.65,3.00,21.46,0.01,53500.00,-,1221.25
RELIANCE,01-Jan-2025,30-Jan-2025,CE,1260.00,12.10,14.45,11.70,13.25,13.60,13.25,7351.00,46784.85,473.55,4188500.00,1078000.00,1221.25
RELIANCE,01-Jan-2025,30-Jan-2025,CE,1250.00,15.80,18.30,14.65,16.75,17.15,16.75,8857.00,56089.43,733.18,6307000.00,82000.00,1221.25
RELIANCE,01-Jan-2025,30-Jan-2025,CE,1270.00,9.95,11.45,9.35,10.45,10.70,10.45,2453.00,15702.28,125.73,1719500.00,144500.00,1221.25
RELIANCE,01-Jan-2025,30-Jan-2025,CE,1090.00,-,-,-,198.10,-,137.85,-,-,-,-,-,1221.25
RELIANCE,01-Jan-2025,30-Jan-2025,CE,1460.00,0.45,0.55,0.45,0.50,0.50,0.05,41.00,299.40,0.10,354000.00,-1000.00,1221.25
RELIANCE,01-Jan-2025,30-Jan-2025,CE,1080.00,-,-,-,274.00,-,147.55,-,-,-,-,-,1221.25
RELIANCE,01-Jan-2025,30-Jan-2025,CE,1000.00,227.50,230.00,227.50,230.00,230.00,226.60,7.00,43.00,8.00,5000.00,3000.00,1221.25
RELIANCE,01-Jan-2025,30-Jan-2025,CE,1020.00,-,-,-,331.15,-,206.75,-,-,-,-,-,1221.25
RELIANCE,01-Jan-2025,30-Jan-2025,CE,1040.00,-,-,-,181.00,182.90,186.90,-,-,-,500.00,-,1221.25
RELIANCE,01-Jan-2025,30-Jan-2025,CE,1060.00,-,-,-,292.85,-,167.15,-,-,-,-,-,1221.25
RELIANCE,01-Jan-2025,27-Feb-2025,CE,1190.00,68.10,68.10,67.50,67.50,67.50,67.50,2.00,12.58,0.68,1000.00,1000.00,1221.25
RELIANCE,01-Jan-2025,27-Feb-2025,CE,1340.00,9.10,10.00,9.00,10.00,10.00,10.00,30.00,202.40,1.40,83000.00,4000.00,1221.25
RELIANCE,01-Jan-2025,27-Feb-2025,CE,1060.00,-,-,-,234.25,-,174.05,-,-,-,-,-,1221.25
RELIANCE,01-Jan-2025,27-Feb-2025,CE,1080.00,-,-,-,216.25,-,155.40,-,-,-,-,-,1221.25
RELIANCE,01-Jan-2025,27-Feb-2025,CE,1360.00,7.05,7.60,6.60,7.40,7.40,7.40,76.00,519.52,2.72,100500.00,19000.00,1221.25
RELIANCE,01-Jan-2025,27-Feb-2025,CE,1110.00,-,-,-,131.75,-,128.50,-,-,-,-,-,1221.25
RELIANCE,01-Jan-2025,27-Feb-2025,CE,1120.00,-,-,-,170.00,170.00,119.90,-,-,-,500.00,-,1221.25
RELIANCE,01-Jan-2025,27-Feb-2025,CE,1260.00,28.10,30.10,27.55,29.55,29.55,29.55,36.00,232.01,5.21,129500.00,-5500.00,1221.25
RELIANCE,01-Jan-2025,27-Feb-2025,CE,1400.00,4.70,4.95,4.35,4.80,4.70,4.80,448.00,3146.46,10.46,908500.00,72500.00,1221.25
RELIANCE,01-Jan-2025,27-Feb-2025,CE,1280.00,22.00,23.70,21.05,23.35,23.70,23.35,29.00,188.86,3.26,58000.00,9000.00,1221.25
RELIANCE,01-Jan-2025,27-Feb-2025,CE,1160.00,-,-,-,95.80,95.80,88.10,-,-,-,1500.00,-,1221.25
RELIANCE,01-Jan-2025,27-Feb-2025,CE,1520.00,2.10,2.10,1.60,1.65,1.60,1.65,53.00,403.26,0.46,105000.00,21500.00,1221.25
RELIANCE,01-Jan-2025,27-Mar-2025,CE,1280.00,-,-,-,46.15,-,35.90,-,-,-,-,-,1221.25
RELIANCE,01-Jan-2025,27-Feb-2025,CE,1330.00,-,-,-,19.50,-,12.20,-,-,-,-,-,1221.25
RELIANCE,01-Jan-2025,27-Feb-2025,CE,1200.00,58.00,63.75,57.40,60.85,60.65,60.85,88.00,554.70,26.70,125500.00,4000.00,1221.25
RELIANCE,01-Jan-2025,27-Feb-2025,CE,1020.00,-,-,-,271.30,-,212.45,-,-,-,-,-,1221.25
RELIANCE,01-Jan-2025,27-Feb-2025,CE,1040.00,-,-,-,252.60,-,193.10,-,-,-,-,-,1221.25
RELIANCE,01-Jan-2025,27-Feb-2025,CE,1210.00,55.10,55.10,55.10,55.10,55.10,55.40,1.00,6.33,0.28,-,-500.00,1221.25
RELIANCE,01-Jan-2025,27-Feb-2025,CE,1220.00,46.10,51.25,45.50,49.50,49.65,49.50,87.00,551.70,21.00,58500.00,7500.00,1221.25