date,kappa,theta,vol-of-vol,rho,v0
October 23rd, 2023,2.42651,0.00961951,0.0300348,-0.435409,1.21318
October 23rd, 2023,2.42651,0.00961951,0.0300348,-0.435409,1.21318
October 23rd, 2023,2.42651,0.00961951,0.0300348,-0.435409,1.21318
October 23rd, 2023,2.42651,0.00961951,0.0300348,-0.435409,1.21318
October 23rd, 2023,2.42651,0.00961951,0.0300348,-0.435409,1.21318
October 23rd, 2023,2.42651,0.00961951,0.0300348,-0.435409,1.21318
October 23rd, 2023,2.42651,0.00961951,0.0300348,-0.435409,1.21318
October 23rd, 2023,2.42651,0.00961951,0.0300348,-0.435409,1.21318
October 23rd, 2023,2.42651,0.00961951,0.0300348,-0.435409,1.21318
October 23rd, 2023,2.42651,0.00961951,0.0300348,-0.435409,1.21318
October 23rd, 2023,2.42651,0.00961951,0.0300348,-0.435409,1.21318
October 23rd, 2023,2.42651,0.00961951,0.0300348,-0.435409,1.21318
October 23rd, 2023,2.42651,0.00961951,0.0300348,-0.435409,1.21318
October 23rd, 2023,2.42651,0.00961951,0.0300348,-0.435409,1.21318
October 23rd, 2023,2.42651,0.00961951,0.0300348,-0.435409,1.21318
October 23rd, 2023,2.42651,0.00961951,0.0300348,-0.435409,1.21318
October 23rd, 2023,2.42651,0.00961951,0.0300348,-0.435409,1.21318
October 23rd, 2023,2.42651,0.00961951,0.0300348,-0.435409,1.21318
October 23rd, 2023,2.42651,0.00961951,0.0300348,-0.435409,1.21318
October 23rd, 2023,2.42651,0.00961951,0.0300348,-0.435409,1.21318
October 23rd, 2023,2.42651,0.00961951,0.0300348,-0.435409,1.21318
October 23rd, 2023,2.42651,0.00961951,0.0300348,-0.435409,1.21318
October 23rd, 2023,2.42651,0.00961951,0.0300348,-0.435409,1.21318
October 23rd, 2023,2.42651,0.00961951,0.0300348,-0.435409,1.21318
